id,question,bot_id,answer_id
13277,「住宅ローン手続関連（法人提携銀行・旧トーメン社員）」申請内容を修正したいので、差戻しをお願いしたい,13,6708
13278,「住宅ローン手続関連（法人提携銀行・旧トーメン社員）」当社と住宅ローンで提携している銀行名、優遇条件、連絡窓口等を知りたい,13,6709
13279,「勤務証明書発行・休業証明書発行」保育園入所に伴う役所へ提出するため、証明書（勤務/育児休業）が欲しい,13,6710
13280,「在職証明書発行」在職証明書が欲しい,13,6710
13281,「住宅ローン手続関連（法人提携銀行・旧トーメン社員）」不動産法人割引の紹介カードが欲しい。,13,6711
13282,「財形貯蓄・財形住宅関連」新規募集時期はいつですか？,13,6712
13283,「財形貯蓄・財形住宅関連」金額の変更は随時できますか？,13,6713
13284,「財形貯蓄・財形住宅関連」払戻しをお願いしたい。,13,6714
13285,「寮・社宅・駐車場手続関連（金町寮、青葉台社宅）」社宅はどこにありますか？空き状況は？,13,6715
13286,「寮・社宅・駐車場手続関連（金町寮、青葉台社宅）」出張者から金町寮に宿泊したいがどうしたらいいか。,13,6716
13287,「転勤者引越対応」引っ越し先が決まっていないが、どうしたらいいか。,13,6717
13288,「勤務証明書発行・休業証明書発行」港区に勤務している在勤証明書を発行してほしい。,13,6710
13289,「その他」人事異動（出向戻り）に伴うPCアドレスの設定はどうやるの？,13,6718
13290,「短時間勤務申請」育児短時間勤務申請書はいつまでに提出するのか？,13,6719
13291,「短時間勤務申請」育児短時間勤務申請書は曜日別に申請できるか？,13,6720
13292,「短時間勤務申請」育児短時間勤務申請はどこへ提出すればよいか？,13,6721
13293,「財形貯蓄・財形住宅関連」一部解約をしたいが、申込みから振込までどれくらいかかりますか？,13,6722
13294,「寮・社宅・駐車場手続関連（金町寮、青葉台社宅）」現在、借上げ寮にいますが、子供が大学に入学し上京するため、一緒に住める寮に変更したい。,13,6723
13295,「その他」コーポレートカードを持っているか解らなくなったので、調べてほしい,13,6724
13296,「通勤費」芝浦アイランド付近に住んでいるが、都バスで利用（申請）してもよいか？,13,6725
13297,「通勤費」最寄駅までバスの走行距離が1ｋｍ以上あるのに、1ｋｍ未満で不支給になったのはなぜ？,13,6726
13298,「通勤費」東京本社から近いので、バスのみで通勤申請してもよいか？,13,6727
13299,「通勤費」経済的・合理的なルートとは？,13,6728
13300,「通勤費」月10万円を超えなければ、新幹線通勤は認めてくれるの？,13,6729
13301,「海外送付制度（日本食・医薬品等）」送付制度を利用した際、現地発生の関税費用等を立替えているが精算は？,13,6730
13302,「海外引越」現地住所が決まっていないが、引越し手配は進められるか？,13,6731
13303,「各種証明書発行事務」勤務証明やお子様の駐在証明を発行できますか？,13,6755
13304,「医療費精算（海外送金・国内支払）」予防接種の費用負担先はどこですか？勘定科目は？,13,6733
13305,「海外店電子申請承認業務（一時帰国・休暇・教育・住居・語学）」休暇申請の申請内容を変更したいのですが。再申請した方がいいですか？,13,6752
13306,「駐在員健康診断予約手配・支払業務」予約を変更したのですが、どうしたらいいですか？,13,6735
13307,「駐在員健康診断予約手配・支払業務」健保での健診を半年以内に受診してますが、渡航前健診として代用できますか？,13,6736
13308,「駐在員健康診断予約手配・支払業務」中国指定の健診を受診したら、渡航前健診は受けなくてもいいですか？,13,6737
13309,「健康保険証の管理・送付（仮証発行を含む）」駐在時に預かった保険証を、返却してください。,13,6738
13310,「医療費精算（海外送金・国内支払）」駐在地で病院にかかった領収書があるので、精算してほしい。,13,6749
13311,「医療費精算（海外送金・国内支払）」海外で受診した健康診断結果は、どうしたらいいですか？,13,6740
13312,「駐在員健康診断予約手配・支払業務」VISA用の健診を受診したら、渡航前健診は受けなくてもいいですか？,13,6741
13313,「駐在員健康診断予約手配・支払業務」健診の予約日程を変更したのですが、どうしたらいいですか？,13,6742
13314,「医療費精算（海外送金・国内支払）」健康診断の再検査は、会社負担でもいいですか？,13,6743
13315,「駐在員健康診断予約手配・支払業務」予防接種の費用負担先はどこですか？勘定科目は？,13,6733
13316,「医療費精算（海外送金・国内支払）」おたふくの予防接種（MMR)は会社負担ですか？,13,6744
13317,「医療費精算（海外送金・国内支払）」抗体反応の費用は会社負担ですか？,13,6745
13318,「各種証明書発行事務」予防接種証明書は会社負担ですか？,13,6746
13319,「各種証明書発行事務」健康証明書は発行してもらえますか？,13,6747
13320,「赴任・帰国・移駐等手続」帯同する家族の、赴任日の空港までの費用は、会社負担ですか？,13,6748
13321,「海外医療費保険求償（ヘルスケアカード）」海外で受診した健康診断結果は、どうしたらいいですか？,13,6750
13322,「医療費精算（海外送金・国内支払）」赴任中に一時帰国して病院で診療を受けた場合の費用は、会社負担ですか？,13,6751
13323,「海外引越」帰任時の引越代はどこの負担ですか？,13,6753
13324,「その他」駐在時に預かった保険証を、返却してください。,13,6738
13325,「赴任・帰国・移駐等手続」帰国後健康診断はいつまでに受診可能ですか？,13,6754
13326,"「一時帰国・
特別休暇」一時帰国・特別休暇の書類提出先は？",13,6756
13327,「特定地域休暇」特定地域休暇の問い合わせ先は？,13,6756
13328,「赴任」赴任のために、赴任前に海外へ行くが申請は？,13,6757
13329,「出向受入」海外からの出向受入者の一時帰国費用は？,13,6758
13330,"「一時帰国・
特別休暇」一時帰国休暇の立替金依頼書（エア代・日当）の書類提出先は？",13,6756
13331,「医療費精算（海外送金・国内支払）」海外赴任中に歯科にかかった。領収書をもっているので精算方法を教えてほしい,13,6759
13332,「赴任」就労VISA取得に40日もかかるが、現地の仕事を早く始めたいため、先に出張として行く場合、赴任日はいつになりますか？,13,6760
13333,「領収証」環境省へ領収書原本を提出する必要があるため、提出済みの領収書を返却してほしい,13,6761
13334,「レート」海外出張精算したいが、レートがTWINSのどこにあるのか解らない,13,6762
13335,「長期出張」１ヶ月以上の海外出張の場合の精算処理方法は？,13,6763
13336,「同行者」同行者（TTC社員）の宿泊代を立て替えた場合の処理は？,13,6764
13337,「パスポート」日本でパスポートを取得・更新した場合、処理できるか？,13,6809
13338,「円貨払い」円貨払いは「海外出張計算書」に含めていいの？,13,6766
13339,「VISA」ﾋﾞｻﾞ取得代の勘定科目は？,13,6767
13340,「出張申請届」都市名がない。問合せ先は人事部となっているが具体的にはどこか？,13,6768
13341,「領収証」交際費の領収書をなくしたが、どのように精算したらよいか,13,6769
13342,「締日」3月計上の締日はいつ？（電子申請分）,13,6770
13343,「締日」3月計上の締日はいつ？（経費・立替金分）,13,6771
13344,「勘定科目」お客様と同行して、現地でケーブルカーに乗ったが、費用科目はなに？,13,6772
13345,「レート」レートに５％以上の差が出た場合とは？,13,6773
13346,「レート」マレーシアのレートは？,13,6774
13347,「レート」台湾のレートは？,13,6774
13348,「レート」ＴＴＭ、TTS、TTBレートとは？,13,6775
13349,「レート」ＴＴＭレートの仲値ってなに？,13,6776
13350,「レート」ＴＴＳレートとは？,13,6777
13351,"「レート」レートはどこで確認するの？                                                      

",13,6778
13352,「ﾚｰﾄ」社内レート、TTSレート、OANDAでも確認できないときはどうしたらよいか？,13,6779
13353,"「勘定科目」交際費・会議費の勘定科目はなに？。5,000円で分けるの？",13,6780
13354,"「勘定科目」日本円で支払ったものが費用計算書に含めていいの？　
",13,6781
13355,「勘定科目」携帯電話を日本でレンタルしたが、費用科目は？,13,6782
13356,"「勘定科目」出張先のNSがその関連会社の社員を他の工場へ見学に行った費用を支払い
→その後、営業部の人がNSが立替えたお金を更に立替えて部署にて精算したい場合の精算方法は？",13,6783
13357,「勘定科目」本人が立て替えた費用を現地法人等で負担していただく場合は？,13,6784
13358,"「勘定科目」現地で立替えた分の中で、一部をトヨタ自動車が負担してくれる場合の
費用計算書の入力は？",13,6785
13359,"「勘定科目」出張していないが、現地でTMCとの交際費をTTC負担にしてほしいと
現法から依頼がありました。その処理は？",13,6786
13360,「勘定科目」エアチケットキャンセル料の勘定科目は？,13,6787
13361,「勘定科目」取引先への献花代の勘定科目は？,13,6772
13362,「勘定科目」面接のため、海外→日本・日本での交通費を営業部負担で支給したい（現金にて）勘定科目はどうなるか？,13,6788
13363,「勘定科目」危険地での空港VIPｻｰﾋﾞｽ利用のための入場料の勘定科目は？,13,6789
13364,「勘定科目」海外出張時の日本の空港使用料の勘定科目は？,13,6790
13365,「勘定科目」旅客保安サービス料（課税）　の勘定科目は？,13,6790
13366,「勘定科目」燃油サーチャージ料の勘定科目は？,13,6791
13367,「勘定科目」業務委託以外（お客様）で宿泊費を負担する場合（同行）の勘定科目は？,13,6792
13368,"「勘定科目」ロンドンで毎年開催される晩餐会に出席するため、
現地でタキシードをレンタルする。勘定科目は？",13,6793
13369,"「勘定科目」クレジットカードサーチャージ（１％）の勘定科目は？
オーストラリアなどで発生。",13,6794
13370,「勘定科目」海外出張時のｽｰﾂｹｰｽ宅配代金（自宅〜国内空港）の勘定科目は？,13,6795
13371,「勘定科目」通訳を委託した、通訳料の勘定科目は？,13,6796
13372,「勘定科目」両替時に発生した手数料については、請求対象とはならないか？,13,6797
13373,「勘定科目」展示会での飲食代で、お客様の分も立て替えた。勘定科目は？,13,6798
13374,「勘定科目」クーリエ代の勘定科目は？,13,6799
13375,「勘定科目」交際費（損金算入）,13,6800
13376,"「勘定科目」国内で使用している携帯電話を海外出張で使用する場合の処理は？
国内でレンタルし、海外で使用した携帯電話の使用料は？",13,6801
13377,"「携帯電話」海外出張時に現地（特に中国）で携帯電話本体を購入し、
その費用を精算できる？
",13,6802
13378,"「ＪＡＬﾏｲﾚｰｼﾞ」経費収益内訳表に計上される
JALマイレージバンク　A9162国内旅費　「ＪＲ」の内訳は？",13,6803
13379,"「ＥＳＴＡ」ESTAの支払いはカード決済ですが、精算処理はどのようにしたらよいか？
",13,6804
13380,「ＥＳＴＡ」模倣サイトでESTA申請してしまい、７４ドル支払った場合の精算は？,13,6805
13381,「領収書」入国費のレシートをもう一度使いたい,13,6806
13382,「領収書」領収書の宛名は？,13,6807
13383,「紛失」計算書を紛失してしまったら？,13,6808
13384,"「パスポート」パスポート更新（取得申請）の費用について
　・旅行代理店を通さずに、個人で立て替えた場合の処理は？",13,6810
13385,「パスポート」パスポート更新（取得申請）の費用について、代理店を通すと手数料も発生するが会社負担となるか？,13,6811
13386,「承認」部付で、ＧＬ未満の方の承認者は？,13,6812
13387,"「承認」承認者のガイドライン
　(A) ＧＬが不在の場合
----------------------
　(B) 部長が不在の場合",13,6813
13388,「承認」システムの承認者について,13,6814
13389,「承認」所属が「部付」となり、海外出張申請を申請すると、申請画面上、【ＧＬの入力必要】となります。 直属の上司は、部長のため、ＧＬ不在の状況です。申請方法をご教示願います。,13,6815
13390,"「承認」部長が長期休暇を取る際、承認者が部長になる方々は、
システム上で代理の方に申請できるような方法になっておりますでしょうか？",13,6816
13391,「承認」ＧＬが、承認した後に再度自分が承認した内容を見たい場合は？,13,6817
13392,「承認」3月中に「出張申請」したもので、4月からグループコードが変更になったら？,13,6818
13393,「入力」費用計算書の金額に外貨記号が入る,13,6819
13394,「入力」出張先を１ヶ所変更する場合,13,6820
13395,「入力」２つの出張の間に1日しかない。それでも出張申請は２件作成すべきか？,13,6821
13396,「入力」出張申請を承認、同日に出張中止処理がされた場合,13,6822
13397,「入力」海外出張の日当を1日短く付け、帰国日は国内日当で精算してしまったどうすればよいか？,13,6823
13398,「入力」海外出張システムのマニュアルは？,13,6824
13399,「入力」精算漏れがあった場合どうすればよいか？,13,6825
13400,「入力」立替金口座の変更登録をしたら、いつから新口座へ反映されますか？,13,6826
13401,"「入力」お客様手配のツアーで海外出張する場合の申請・精算は？
ツアーなので、細かく費用が分かれていません。",13,6827
13402,「入力」同行者（TTC社員）の宿泊代を立て替えた場合の処理は？,13,6828
13403,「入力」精算届を入力しても、合計欄に反映されません,13,6829
13404,"「入力」出向先負担の海外出張精算が、「0円」で申請できない
",13,6830
13405,「保険」出向受入等　任意加入保険が天引されない場合の立替処理は？,13,6831
13406,「保険」出張届が却下されたとき、保険申込も自動的に取消となる？,13,6832
13407,"「保険」ビザを取得しなければならないため、任意加入保険を申し込んだ。
通常は個人負担だが、部署負担にしてもらえないか？",13,6833
13408,「保険」海外出張ｼｽﾃﾑで、「保険申込みへ」から先へ進めません。,13,6834
13409,"「保険」海外出張時の会社付保について
ビザ申請で、付保証明書（英文）が必要です。発行していただけますか？",13,6835
13410,「保険」会社付保の保険内容は？,13,6836
13411,「保険」「海外保険傷害保険・・」　Ａ４のＴＨＲ宛申請書は？,13,6837
13412,「ｺｰﾎﾟﾚｰﾄｶｰﾄﾞ」役員のコーポレートカードは個人の口座から引き落としされるの？,13,6838
13413,「ｺｰﾎﾟﾚｰﾄｶｰﾄﾞ」海外出張中に病院に行った場合,13,6839
13414,「ｺｰﾎﾟﾚｰﾄｶｰﾄﾞ」海外出張者は何故コーポレートカード加入するの？,13,6840
13415,「ｺｰﾎﾟﾚｰﾄｶｰﾄﾞ」出向受入者や派遣社員はコーポレートカードに加入できないが保険はどうなる？,13,6841
13416,「支度金」初めての出張だが、語学研修生として渡航していた場合、支度金は支給されますか？,13,6842
13417,"「支度金」2件申請したところ、初めての出張なのに「支度金」が支給されないのは何故？
●Ａ・・・支度金あり（7/29〜8/4）と
●Ｂ・・・支度金なし（8/26〜9/8）の２つ申請が同日にあったため",13,6843
13418,「支度金」出向受入者の海外出張支度金は支給される？,13,6844
13419,「支度金」国内出向者の支度金について,13,6845
13420,「仮出金」仮出金はいくらまで？,13,6846
13421,"「出向受入」海外からの出向者は、ある一定期間経過すると一時帰国でき、出張精算がはどうやるの？
",13,6847
13422,"「出向受入」海外からの出向者が出向受入解除となった時の帰国旅費は？
",13,6848
13423,「国内出向者」国内出向者の承認先・申請先は？,13,6849
13424,「国内出向者」国内出向者で、出向先100％負担の場合,13,6850
13425,"「宿泊」ゲストハウスに泊まった場合の宿泊費
友人宅等で、宿泊費が確定できない場合や、機中泊の場合・・",13,6851
13426,「宿泊」車中泊→ホテルデイユースの場合、両方請求することができるか？,13,6852
13427,「宿泊」取引先手配の宿泊があった場合、20ドルをつけることができるか？,13,6853
13428,"「宿泊」国内出張規定にものっていないので確認したいのですが
海外出張のフライトが東京発であったため東京へ移動し、前泊した場合
国内の日当は申請しないという理解であってるか？
",13,6854
13429,"「宿泊」名古屋本社勤務の方で、出張期間：9/5〜9/8
　フライトの関係で、羽田空港に、9/8の23:00に到着。
　東京で一泊し、翌日（9/9）に名古屋へ帰着した場合の帰国日は？




",13,6855
13430,「宿泊」国内出張と同様に、海外出張時の宿泊費の上限はありますか？,13,6856
13431,"「日当」現地で、主催者側から参加日当<US$1,100ドル>を現金で受け取った。
交通費も含まれていますが、出張処理は何か必要ですか？",13,6857
13432,「日当」海外出張が人事研修の一環であるが、日当は支給されますか？,13,6858
13433,「機中泊」機中泊の考え方は？,13,6859
13434,「帰国日延長」出張期間が１ヶ月延びた場合はどこへ連絡すればいいの？,13,6860
13435,"「朝食代
ランドリー代」食事代・クリーニング代（ランドリー代）は個人負担ですか？",13,6861
13436,"「返金
⇒給与天引き」すでに精算済みの宿泊費で、カード引き落としが無いため
確認したら、現法で負担してくれていたことがわかった。
返金したいが、どう処理したらよいですか？",13,6862
13437,「立替精算」プロジェクトの開発費で、システムとは別で立替精算処理したい。,13,6863
13438,"「計上」7月出発のエアチケット代を6月に購入。ＪＭＢ振替えではなく、旅行会社に請求書を発行してもらえば、6月計上できますか？
",13,6864
13439,「決算」四半期決算月の処理について、教えて下さい。,13,6865
13440,「決算」決算月をまたぐ出張時に、決算月分のみ先に計上したい場合は？,13,6866
13441,"「決算」決算月に、出発日未定（4月以降の予定）の航空券を3月計上したいが
可能ですか？",13,6867
13442,「年末年始」年末年始の海外出張システムは？,13,6868
13443,「ゼロ精算」『旅費交通費（宿泊費・日当）は、上海現法負担』の場合の処理は？,13,6869
13444,「ﾊﾝﾄﾞｷｬﾘｰ」ハンドキャリーについて,13,6870
13445,「予防接種」予防接種の要・不要の判断は？,13,6871
13446,"「予防接種」海外出張の際の予防接種（国内発生分）を収入印紙で
支払った場合の勘定科目は？",13,6872
13447,「勤務時間」海外出張時の勤務表の入力は？,13,6873
13448,"「長期出張」
同一国長期出張　183日ルール（タイは180日）",13,6874
13449,「長期出張」一般派遣で長期出張（30日以上？）の申請が出されたら？,13,6875
13450,"「長期出張」長期（１ヶ月以上）の海外出張の場合は、精算はどうするの？
",13,6876
13451,「旅行代理店」指定旅行代理店は？,13,6877
13452,「ビザ」ビザ手続きは？,13,6878
13453,"「退職」退職後に、未精算が発覚したが、どうしたらよいか？
海外出張システムは、「精算届作成待」状態です。",13,6879
13454,"「退職」豊田通商から関連会社へ転籍のため、2月末日で豊田通商を
退職となるが、退職後の精算方法と振込はどうなりますか？
（海外出張の帰国日が「2月末日」、出張申請＆上長承認が「2月末日」完了）
2月末日分として夜間処理には間に合いますが、実際振り込む際には、退職しています。
",13,6880
13455,「出張中止」出張中止となったがどうすればよいか。,13,6881
13456,"「出張中止」出張申請をし、精算届を開けてしまったが・・・
実際は、出張中止になった場合、システム上、「ドラフト保存中」で残ってしまっている。",13,6882
13457,"「督促メール」帰国日を過ぎると、「精算届けを出してください」と精算するまで
督促メールが届く。
帰国日が延長になり、帰国日を修正したのですが、
まだ督促メールが届くのは何故ですか？",13,6883
13458,「エラー」計算書のマクロについて,13,6884
13459,"「エラー」
頂いたTWINS上のマクロ設定のインストラクションは、どうもExcel2010用のものでは無いようです。

ネットでExcel2010用のマクロ設定方法を調べて、全てのマクロを有効にする設定を行いましたが、それでも当該費用計算書がマクロ設定で開かないのですが、どのようにしたら宜しいでしょうか？

",13,6885
13460,"「エラー」エラーが発生して、出張申請が出来ません！

例外エラーが発生しました。
fumctionスタックトレース：
anonymous->anonymous->JS00_FileSave->JS00_FileSave->anonymous->anonymous->doClick->〔anonymous〕->*end*
",13,6886
13461,「その他」海外出張中に、身内にご不幸があり、帰国する際の費用は？,13,6887
13462,"「その他」海外駐在員の海外出張旅費を、ＫＤ事業部で負担して処理をしたい。
SAPの立替金精算で処理していただけますか？
外貨→円貨精算（社内レート）",13,6888
13463,"「勘定科目」会議で、「昼食代＋会議室使用料」が人数で按分された領収書
それぞれの明細金額は無く、詳細がわからない",13,6889
13464,「勘定科目」航空保険特別料金（非課税）,13,6890
13465,「通貨記号」現行通貨の一覧は？,13,6891
13466,「承認」承認者変更したいがどうすればいい？,13,6892
13467,「関税」お土産に対する関税の勘定科目は？,13,6893
13468,「その他」役員出張規程は別にあるの？,13,6894
13469,「承認」海外出張申請ルートについて、承認者を変更したいがどうしたらよいか？,13,6895
13470,「帰国日延長」申請していた出張期間が変更になった、どうすればいいの？,13,6896
13471,「その他」出張申請したが、費用負担はなし（0円）でも、計算書は提出するの？,13,6897
13472,"「レート」長期出張で日当のみ途中精算したいとき
その場合の「帰国日」は？「レート」は？",13,6898
13473,「その他」黄熱病の予防接種を現地で受けた。外貨で支払ったが精算はどのようにしたらよいか？,13,6899
13474,「勘定科目」勘定科目（その他）が2科目以上あり、電子申請できないがどうして？,13,6900
13475,「日当」名古屋に宿泊をともなう研修に参加したが、その際の日当は支給されるか,13,6901
13476,「出張精算書」過去の出張旅費精算書（電子申請）が見たい。,13,6902
13477,「健康保険、厚生年金、国民年金手続き」保険証を紛失したが、再発行されるまでにどれくらい時間かかるの？,13,6903
13478,「健康保険、厚生年金、国民年金手続き」海外赴任中で印鑑がない場合、被扶養者異動届の押印は？,13,6904
13479,「健康保険、厚生年金、国民年金手続き」扶養配偶者が就職したので扶養からはずす場合、国民年金第3号届出は必要か？,13,6905
13480,「高年齢者雇用継続給付手続、育児休業給付手続」給付金受給までにどれくらい時間かかるの？,13,6906
13481,「離職票作成」退職し失業保険手続きをしたいが、「離職票」はいつ送ってくれるの？,13,6907
13482,「健康保険、厚生年金、国民年金手続き」受け取った保険証の生年月日が違う,13,6908
13483,「健康保険、厚生年金、国民年金手続き」子供が生まれたので保険証がほしい,13,6909
13484,「健康保険、厚生年金、国民年金手続き」保険証を失くした,13,6910
13485,「健康保険、厚生年金、国民年金手続き」すぐに病院へ行きたいが保険証を忘れた、どうすればいいの？,13,6911
13486,「健康保険、厚生年金、国民年金手続き」保険証が盗まれた,13,6910
13487,「健康保険、厚生年金、国民年金手続き」保険証の印字が薄くなった,13,6910
13488,「健康保険、厚生年金、国民年金手続き」年金手帳の番号が知りたい,13,6912
13489,「雇用保険手続き」雇用保険の番号が知りたい,13,6912
13490,「雇用保険手続き」雇用保険被保険者証のコピーがほしい,13,6912
13491,「健康保険、厚生年金、国民年金手続き」年金手帳って会社にあるの？,13,6913
13492,「教育訓練給付金手続き」ハローワーク（職安）へ教育訓練給付金を申請したいが、雇用保険番号と事業主印はどこへ依頼するの？,13,6912
13493,「その他」扶養してる妻の年金手帳は会社で保管してる？,13,6914
13494,「所得税扶養異動関連」給与明細に記載されている扶養人数が違っている？,13,6915
13495,「所得税扶養異動関連」給与明細に記載されている扶養人数ってなに？,13,6916
13496,「源泉徴収票」過去年分の源泉徴収票を再発行してもらいたいけど、東京でも発行可能か？,13,6917
13497,「退職者説明」退職する予定だが、退職金試算はしてもらえる？,13,6918
13498,「その他」役所発行の「住民税決定通知書」が欲しい。,13,6919
13499,「その他」診療室利用の「領収証」が欲しい,13,6920
13500,「源泉徴収票」源泉徴収票が欲しいが受信したメールを削除してしまった、再発行できるか？,13,6921
13501,「源泉徴収票」28年分の源泉徴収票が送れらてこないが、いつもらえるの？,13,6922
13502,「源泉徴収票」源泉徴収票がメール配信されたが、確定申告に使えるのか？,13,6923
13503,「ﾏｲﾅﾝﾊﾞｰ」自分のマイナンバーを教えてほしい,13,6924
13504,「通勤費」引越しして通勤費が変わるが、いつまでに申請するの？,13,6925
13505,「源泉徴収票」過去分（昨年度以前）の源泉徴収票を発行してほしい,13,6926
13506,「育児休業」保育園入所に伴う役所へ提出するため、証明書（勤務/育休）が欲しい,13,6927
13507,「育児休業」傷病積立有休の残日数はどこで確認できるの？,13,6928
13508,「育児休業」健保の出産育児一時金/付加金はいくら支給されるの？,13,6929
13509,「育児休業」健保の出産育児一時金/付加金の申請手続きは？,13,6930
13510,「育児休業（男性）」数日間の育休（男性社員）の場合でも「復帰面談」はあるの？,13,6931
13511,「産前産後休暇」産前産後および育児休業期間は、里帰り出産するなど一時的に住所が変わる場合は？,13,6932
13512,「育児休業」育児休業終了予定日の変更は1回だけか？,13,6933
13513,「育児休業（男性）」男性社員⇒妻の出産に伴い、慶弔休暇（2日）取らずに育児休暇取得しても良いの？,13,6934
13514,「育児休業」給付金申請書類は、いつごろ、誰から案内されるの？,13,6935
13515,「育児休業」育休開始したら、すぐに育児休業給付金は振り込まれるの？,13,6936
13516,「育児休業」1歳を過ぎても保育園に入所できないので、給付金延長申請する場合、関係書類はなにが必要なの？,13,6937
13517,「育児休業」保育園入所について役所に問い合わせしたところ、定員超過などで入所が難しいと言われたので、入所手続きしなかったが、給付金の延長はできるの？,13,6938
13518,「育児休業」育休中（無給）の住民税は自分で振り込むと聞いたが、給与明細書で確認できるの？,13,6939
13519,「その他」休職中はTWINS見られるの？,13,6940
13520,「その他」休職中の勤怠（休暇）管理システムの申請は自分でやるの？,13,6941
13521,「育児休業」育休中に社内研修受講は可能か？,13,6942
13522,「その他」育児短時間勤務申請書はいつまでに提出するのか？,13,6943
13523,「産前産後休暇」産前休暇申請したいが、出産予定日には上長が変わるが、誰に申請するのか？,13,6944
13524,「その他」育休中の持株会の給与天引きはどうなるの？,13,6945
13525,「TTC社内TOEIC検定」急遽、当日受験できなくなった。,13,6946
13526,「TTC社内TOEIC検定」受験拠点変更をお願いしたい。,13,6947
13527,「TTC実務知識講座　スクーリング」日程変更をしたい。,13,6948
13528,「TTC実務知識講座　修了テスト」日程変更をしたい。,13,6948
13529,「入社」健康保険証受け取り時期について,13,6949
13530,「入社」連帯保証人設定について,13,6950
13531,「入社」連帯保証人設定について、同世帯だが扶養外（不動産等収入有）の妻を設定することは可能か？,13,6951
13532,「入社」住民票の届け出先について、海外への転居届は可能か？,13,6952
13533,「退職（雇用保険）」名古屋の弁護士法人ｸﾛｰﾊﾞｰから封書が届いたが、弁護士事務所とはなにか？,13,6953
13534,「退職（健康保険）」豊田通商の健康保険は継続できるの？,13,6954
13535,「退職（健康保険）」豊田通商の健康保険料はいくらかかるの？,13,6955
13536,「退職（健康保険）」退職後の健康保険はどうなるの？,13,6956
13537,「退職（健康保険）」退職後の健康保険加入は、国民健康保険と任意継続保険ではどちらが安いの？,13,6957
13538,「退職（健康保険）」豊田通商健保を任意継続したが、保険証はいつ届くの？　届くまでの保険証は？,13,6958
13539,「退職金（住民税）」退職年に支払ったはずなのに、翌年も役所より納付請求が届いたのはなぜ？,13,6959
13540,「退職（雇用保険）」配偶者の海外転勤により帯同となるが、失業給付延長の手続きはどうするの？,13,6960
13541,「その他」給与天引きしている保険（がん、生命保険、損害保険、自動車保険）の手続きは？,13,6961
13542,「OB豊楽会」OB会に入会すると損保（ﾏｲﾗｲﾌ）保険料が安くなるの？,13,6962
13543,「OBﾄｰﾒﾝ旧友会」ﾄｰﾒﾝOB会はまだ存在しているの？,13,6963
13544,「退職金（税金）」海外在留中に退職金を受け取る場合、税金と申告手続きは？,13,6964
13545,「その他」餞別金はいくら貰えるの？また、いつ振り込まれるの？,13,6965
13546,「OB豊楽会」早く入会手続きしたい（退職説明の実施日前に入会）,13,6966
13547,「OB豊楽会」入会すると会費や年会費などいくらかかるの？,13,6967
13548,「退職（雇用保険）」失業保険を受給したいが、手続きはどうすればいいの？,13,6968
13549,「退職（雇用保険）」離職票はいつ送られてくるの？,13,6969
13550,「その他」退職証明書は、いつ発行されますか？,13,6970
13551,「退職（国民年金）」雇用保険の失業保険をもらうと、国の年金はもらえないの？,13,6971
13552,「退職（雇用保険）」高年齢雇用継続給付をもらうと、国の年金はもらえないの？,13,6972
13553,「退職（国民年金）」定年60歳（再就職しない）で退職するが、扶養している妻（60歳未満）の手続きは何かある？,13,6973
13554,「退職（勤怠）」最終出勤日以降は、全て「有休」取得となるが、勤怠ｼｽﾃﾑはどうすればいいの？,13,6974
13555,「退職金」退職金の振込口座を変えたい,13,6975
13556,「確定拠出年金」手続きはどうやるの？,13,6976
13557,「豊田通商企業年金基金」受け取り方法は一時金？年金？,13,6977
13558,「退職（雇用保険）」退職後、失業給付手続きすれば、すぐに支給されるの？,13,6978
13559,「退職（雇用保険）」受給資格は？　退職後は独立（自営）するが受給できるの？,13,6979
13560,「退職（雇用保険）」高年齢雇用継続給付ってどんな制度？,13,6980
13561,「賞与」退職後の賞与（在籍対象期間分）はもらえるの？,13,6981
13562,「確定申告」自分で申告するの？,13,6982
13563,「定時外手当」退職月の残業代は、いつ支払われるの？,13,6983
13564,「ｶﾌｪﾃﾘｱﾌﾟﾗﾝ」ｶﾌｪﾃﾘｱﾌﾟﾗﾝ（ﾏｲｽﾀｲﾙ）の提出は、退職月に提出しても支給されるの？,13,6984
13565,「社宅・寮」退職日までに退去しないとダメ？,13,6985
13566,「ｺﾞﾙﾌ倶楽部」ﾍﾞﾙﾌﾗﾜｰｶﾝﾄﾘｰ倶楽部「BELLｼﾆｱ会」に入会したい,13,6986
13567,「PC関連」TTCｱｶｳﾝﾄはどうすればいいの？,13,6987
13568,「退職ｾﾚﾓﾆｰ」誰が対象なの？,13,6988
13569,「退職願（届）」定年退職の場合でも退職願（届）は提出するの？,13,6989
13570,「退職金」55歳以上の支給率は会社都合か？,13,6990
13571,「賞与」退職後に支給される賞与の税金は、再就職している場合、再就職先で年末調整してもらえる？,13,6991
13572,「その他」退職月に診療室を利用したが給与天引きできるのか？,13,6992
13573,「OB豊楽会」退職後でも加入できるか？,13,6993
13574,「その他」社章を失くした。どうすればよいか？,13,6994
13575,「その他」嘱託契約満了日の前に退職したいが、手続きはどうすればよいか？,13,6995
13576,「退職諸手続き説明」退職願いを提出したが、いつごろ説明してもらえるの？,13,6996
13577,「退職金（税金）」退職金と税金はいくら？,13,6997
13578,「持株会」退職するが持株会はどうなるの？,13,6998
13579,「保険」損害保険や生命保険は継続できるの？,13,6999
13580,「コーポレートカード」コーポレートカードを退職後も継続したい。,13,7000
13581,「退職後の賞与」所得税、健康保険、介護保険、厚生年金、雇用保険は控除されるの？,13,7001
13582,「その他」退職後も診療室を利用したい,13,7002
13583,「退職（健康保険）」任意継続を希望するが、いつでもやめられるの？,13,7003
13584,「退職（健康保険）」任意継続するとどんな給付が受けられるの？,13,7004
13585,「退職（健康保険）」在籍のときと比べて、任意継続保険料はどうして高いの？,13,7005
13586,「その他」退職後に引越しする予定だが、連絡する必要あるの？,13,7006
13587,「その他」ｺｰﾎﾟﾚｰﾄｶｰﾄﾞはどこへ返すの？,13,7007
13588,「退職（国民年金）」年金手帳はどこにあるの？いつ返してくれるの？,13,7008
13589,「退職（国民年金）」扶養している妻の年金手帳は会社にあるの？,13,7009
13590,「その他」人材派遣で期間満了となるが、社員証は誰に返却すればいいの？,13,7010
13591,「退職（健康保険）」任意継続したのに、最終給与で保険料2ヵ月分控除されたがどうして？,13,7011
13592,「退職金（住民税）」最終月給与で地方税が高くなったのはなぜ？,13,7012
13600,こんにちは,13,7021
