Id,質問,Answer
18331,こんにちは,こんにちは！何か質問はございますか？
18332,ありがとう,"どういたしまして。
またのご利用をお待ちしています！"
18333,ありがとうございました,"どういたしまして。
またのご利用をお待ちしています！"
18334,さようなら,さようなら。また質問があったらご質問くださいね。
18335,こんばんは,こんばんは！何か質問はございますか？
18336,こんばんわ,こんばんは！
18337,おはようございます,おはようございます！
18338,おはよう,おはようございます！何か質問はございますか？
18339,お疲れ様です,お疲れ様です！
18340,またね,またお困りの時はいつでも質問してくださいね
18341,お世話になります,こちらこそ、お世話になっております！
18342,お世話になりました,ご利用有難うございました！
18343,質問があります,"下記のテキストボックスに入力して下さい。
お答えします。"
18344,おやすみなさい,おやすみなさい
18345,はじめまして,はじめまして！ご利用いただき有難うございます。
18346,あけましておめでとう,"明けましておめでとうございます。
本年も宜しくお願い致します。"
18347,メリークリスマス,メリークリスマス！
18348,サンキュー,"どういたしまして！
またのご利用をお待ちしています！"
18349,サンキュウ,"どういたしまして！
またのご利用をお待ちしています！"
18350,ごきげんよう,ごきげんよう！
18351,バイバイ,"Bye-Bye！
また利用して下さいね"
18354,こんにちわ,こんにちは！何か質問はございますか
18575,国内出張で天候の影響で新幹線が遅延し、一部払い戻しをされた。その場合の精算方法は？,国内出張で天候不良等による新幹線の遅延払い戻しの精算については、通常金額から払い戻しされた金額を差し引いた分を実費精算下さい。
18576,国内出張で、JR特急券はどうやって精算したら良いですか？,国内出張のJR特急券の精算方法については、通常の乗車券+特急券で交通費として申請し、台紙に特急券を添付下さい。
18577,宿泊を伴う国内出張の日当はいくらになりますか？,宿泊を伴う国内出張の場合の日当は一律2600円です。
18578,出向中ですが国内出張旅費の精算はどのようにしたら良いですか？,"出向者の国内出張旅費精算については、出向先負担の場合、出向先での申請を行って下さい。TTCでの申請は不要です。
TTC負担の場合には、TWINSの旅費精算もしくは帰属部署の方に立替精算依頼書を作成頂き申請下さい。"
18579,"急な辞令で異動となったが、社宅の手配が間に合わず月中での移動となった。
それまでは実家からの通勤になるのだが通勤費はどうしたら良いですか？","急な人事異動に伴い、社宅手配が間に合わない場合の通勤費については、毎月10日までに通勤費の申請をあげていただくのですが、実家からもしくは社宅からのどちらかをご自身で選択し、ご都合の良い方でご申請下さい。申請頂いたルートで1ヶ月分の通勤費を支給します。
なお、日割り計算は行っておりません。"
18580,急な辞令で異動となったが、社宅の手配が間に合わず引越しの為に複数回往復する事になった。その場合の交通費は赴任旅費ですか？,"急な人事異動に伴い、社宅手配が間に合わない場合に複数回往復するときの赴任旅費は、片道1回分のみの精算となります。
それ以上に掛かった交通費については、上長承認を得た上で、国内旅費としてSAPの立替金精算依頼書を作成し、精算して下さい。"
18581,国内での宿泊費が規定より安いのですが申請はどうしたら良いですか？,国内出張に伴う宿泊費の精算については、規定の金額で申請し、実際の領収書を台紙に添付下さい。
18582,休日に出張した際、日当は出ますか？,"休日に国内出張した場合の日当については、休日であっても出張に行かれている期間は日当（2,600円）支給となります。"
18583,国内出張の間に休日がある場合、働いていなくても日当は出ますか？,国内出張期間中に休日がある場合は、出発日から帰着日までの間に含まれる休日は日当支給対象です。
18584,国内出張でコンサルタントの交通費を負担する場合は通常の勘定科目で良いですか？,国内出張でのコンサルタントの交通費については、勘定科目を9231支払手数料で計上し、TOSへご提出下さい。
18585,"出向解除となったが、出張として1ヶ月延長して出向先に勤務することになった。
この場合の交通費（通勤費）はどう精算したら良いですか？",出向解除後も引き続き出張として１ヶ月延長して出向先に勤務する場合の交通費（通勤費）は、出向中と同じままで、出張が終わり次第、拠点に応じて通勤費申告で変更して下さい。但し、出張での勤務になるので日当のみTWINSで精算して下さい。
18586,赴任旅費精算したいのですが、赴任旅費精算書と領収書を提出すれば良いですか？,"赴任旅費を精算する場合は、赴任旅費精算書に領収書を添付し、SAP立替金精算依頼書とセットでご提出下さい。
立替金精算依頼書の作成方法については赴任旅費精算書右上をご覧ください。"
18587,有料道路の領収書を紛失してしまいました。その場合精算はどうしたら良いですか？,国内出張で有料道路の領収書を紛失した場合は、領収書台紙の空白に紛失した旨と金額（出発地〜到着地）を記載し、上長印を貰って下さい。上長承認されたということであれば申請金額で精算致します。
18588,"国内出張で、1枚の領収書を２つの部署でそれぞれ60％40％で精算したいのですが、
この場合どう申請したら良いですか？","国内出張で、1枚の領収書を2つの部署で分けて負担する精算方法は、SAP立替金精算依頼書を費用負担部署毎に作成し、領収書を添付しご提出下さい。
（60％分の立替精算依頼書1枚、40％分の立替精算依頼書1枚　計2枚と100％の領収書をセットでホチキス留めしてください）"
18589,国内出張で、留守宅に宿泊した場合は宿泊費が出ないとありますが、留守宅とは何ですか？,"国内出張で、以下のような留守宅に宿泊した場合には、宿泊費は支給されませんのでご注意ください。
留守宅＝現在社員本人は住んでいない（本人は単身赴任で別に住んでいて家族だけが住んでいるor誰も住んでいない）家のことです。※実家とは異なります。"
18590,国内出張時の航空券取り消し料で非課税があるのですが、勘定科目は何になりますか？,国内出張の航空券取り消し料の勘定科目は、A9167　旅費交通費　雑口（非課税）で計上下さい。
18591,国内出張時、移動開始〜労働終了までに11時間以上ある場合の日当はどうなりますか？,"宿泊を伴う国内出張の場合の日当は一律2600円、日帰りの場合は4,000円です。"
18592,国内出張時の航空券購入の勘定科目は何になりますか？,国内出張時の国内航空券の勘定科目は、9162国内出張旅費で計上して下さい。
18593,コーポレートカードを持っていない為、金券ショップにて新幹線の回数券を購入しました。どのように精算申請したら良いですか？,"コーポレートカードを持っていない為、金券ショップで購入した新幹線回数券の精算方法は、以下の通りです。

往復1回分の回数券を購入した場合
⇒TWINS国内出張旅費精算で申請し、領収書台紙に領収書を添付してご提出下さい。

まとめて複数回分購入した場合
⇒SAP立替金精算依頼書を作成し、領収書を添付してご提出下さい。"
18594,海外出張から深夜便で帰国した際、国内出張の日当も付きますか？,海外出張から深夜便で帰国した際の国内出張の日当については、海外出張での日当が支給されるため、国内出張の日当は付きません。日当の重複はNGです。
18595,レンタカーを使用した際に個人のETCカードを利用した。領収書がないのですがどうしたら良いですか？,レンタカーを使用した際に個人のETCカードを利用したが領収書がないときは、レンタカーの車両情報が分かる場合は、ETC利用照会サービスから利用明細を発行頂き、車両情報が分からなけれな、カードの利用明細を添付して下さい。
18596,国内出張精算で発着時間も記入することになったの？,2017年度より国内出張精算方法が変わり、全ての発着時間も記入することになりました。
18597,既に承認された国内出張旅費精算について、誤りがあったので差し戻しをお願いしたい,最終承認処理が完了していると差し戻しができないため、次回申請時にご精算下さい。なお、次回申請まで間があく場合はTHR各拠店担当へご連絡願います。
18598,国内出張精算で、まだ承認されていない申請書を変更したい,国内出張精算で、まだ承認されていない申請書を変更したい場合には、差し戻ししますのでTHR国内出張旅費担当へ連絡のうえ、変更いただき再申請して下さい。
18599,国内出張旅費の過去の提出領収書台紙を確認したいので返却してほしい,国内出張旅費の過去の領収書台紙が必要な方は、ＴＨＲに直接取りにきてください。なお、2ヵ月以上前の領収書台紙は保存箱を倉庫から取り寄せとなりますので、少々お時間を頂きます。
18600,国内出張（航空券+宿泊付）のパックツアーを手配し出張を終えました。明細がないため往復の交通費をどの様に請求したらよいでしょうか？　　　　,国内出張（航空券+宿泊付）のパックツアーを利用した場合の交通費の精算については、通常の航空券+資格等級の宿泊代上限＞ﾊﾟｯｸﾂｱｰ代金の場合は、ﾊﾟｯｸﾂｱｰ代金で精算して下さい
18601,国内出張でお客様と同行して規程の上限を超えた宿泊代となったが、精算できるの？,国内出張でお客様と同行して規程の上限を超えた宿泊代については、上長の承認があれば精算対象として認めます。
18602,1泊2日でパワーアップミーティング（PUM）した場合の精算方法は？,"国内出張でパワーアップミーティング（PUM）の場合「日当」は付きません。
日当無しで交通費のみ精算してください。
その際備考欄に「PUM」と明記願います。"
18603,国内出張するが、ホテルの割引一覧表はどこにあるの？,"国内ホテル一覧表は、とよつう人事Navi⇒福利厚生ライブラリー→052.宿泊（その他）にてご確認下さい。
https://twins.toyotsu.co.jp/ap0091/sdb79.nsf"
18604,国内出張の負担部署の内訳を教えてほしい,国内出張旅費の負担部署の内訳を確認したい場合は、ＴＨＲ各拠店担当へご依頼下さい。エクセルデータでお送りします。
18605,コーポレートカードのEX（エクスプレスカード）について知りたい,"コーポレートカードのEX（エクスプレスカード）については、次のTTCライブラリーをご参照ください。
https://twins-a3.toyotsu.co.jp/AP0103/KeijiPub.nsf/vwDocNo-Link-Teikei/G007479?OpenDocument"
18606,国内出張精算で宿泊のみの場合、発着時間はどう入力するの？,国内出張精算で宿泊のみの場合でも、発着時間の入力は必須です。就業時間（9：00〜17：45）を入力して下さい。
18607,国内出張精算申請で上長を変更したい。,国内出張精算申請の「承認者」を変更する必要がある場合は、その旨「Sから始まる申請書番号と社員番号」と併せて、THR各拠店担当へ連絡して下さい。
18608,国内出張時にタクシーの領収書を紛失した場合の精算方法は？,国内出張時のタクシーの領収書を紛失した場合には、「理由書」を作成のうえ、上長の承認をいただき、「領収書台紙」に添付し提出下さい。
18609,成田エクスプレスの領収書をなくしてしまったがどうしたらいいでしょか？,海外出張の際に成田エクスプレスを利用したが、その領収書を紛失してしまった場合には、異常発生理由書を添付してSAP立替金精算にて処理してください。
18610,名古屋に宿泊をともなう研修に参加したが、その際の日当は支給されるか,国内で宿泊をともなう研修に参加した場合、会社主催の研修であれば日当は支給しないが、片道100Km以上の場所での外部主催の研修であれば日当は支給されます。
18611,環境省へ領収書原本を提出する必要があるため、提出済みの領収書を返却してほしい,国内出張精算で、領収書原本の返却をご希望の方は、倉庫から取り寄せますので、出張番号をTHR担当者へ連絡して下さい。入手次第あらためて連絡しますのでお待ち下さい。なおTHR保管がコピーとなる依頼書を作成下さい。
18612,過去の国内出張旅費精算書（電子申請）が見たい。,過去の国内出張旅費精算書（電子申請）が見たい場合は、社員番号と精算�をTHR各拠店担当までご連絡下さい。
18613,国内出張について、国内出張旅費システムの利用対象者は？,国内出張旅費システムの利用対象者については、国内勤務の正社員・嘱託社員・出向受入社員・派遣社員（国内出向者含む）です。
18614,国内出張について、所属部署の初期設定は？,国内出張システムの所属部署の初期設定については、その時点での所属部署となります。異動、組織変更があった場合は自動的に変更されます。
18615,国内出張について、承認者の初期設定は？,国内出張システムの承認者の初期設定については、直属の上長となります。
18616,国内出張について、費用負担先の初期設定は？,国内出張システムの費用負担先の初期設定については、所属部署（グループ）となります。
18617,国内出張について、費用負担先の部署承認者は？,国内出張システムの費用負担先の部署承認者については、直属の上長が選択されています。
18618,国内出張について、承認者の変更の仕方は？,"国内出張システムの承認者変更については、承認者変更ボタンをクリックし⇒今回のみ変更もしくは次回以降も記録のどちらかを選択⇒該当の承認者を選択（L職以上の方）
※次回以降も記録にすると部署異動になっても自動で新上長へ変更にならない為、ご自身で再度正しい上長へ再度変更が必要となります。"
18619,国内出張について、申請内容に不備がるので内容変更したいが上長が不在の為差戻ししてもらえません。どうしたら良いですか？,"国内出張の差し戻しについては、国内出張旅費担当者へご連絡下さい。
担当者が「却下」するので、データの修正を行い、再申請して下さい。
その際に上長へ申請依頼メールが無効になっていることをご本人様からご連絡をお願いします。"
18620,"国内出張について、4月1日で承認者が異動しました。
3月分の内容で申請していますが、新承認者で大丈夫ですか？",国内出張の承認者異動による申請ついては、本来は申請内容遂行時に上長である方が「承認者」となるべきですが、新承認者でOKです。
18621,"国内出張について、申請後に海外へ赴任しました。
精算が完了する前に赴任した場合、精算の手続きはされますか？","国内出張について、承認者が海外転勤した場合は、赴任者の申請が終わっていれば承認されます。
"
18622,"国内出張について、申請後に海外へ赴任しました。
内容に不備があり、却下されたのですが国内出張システムにアクセス出来ません。どのように精算依頼したら良いですか？",国内出張システムについて、海外赴任者はアクセス権がありません。該当の領収書を赴任前の部署の方へ送り、代理で立替金精算書の作成をお願いして下さい。
18623,"国内出張について、海外赴任先に着任後、国内旅費の申請忘れを思い出しました。
国内出張システムに入れないのですが、どのように精算依頼したら良いですか？",国内出張システムについて、海外赴任者はアクセス権がありません。該当の領収書を赴任前の部署の方へ送り、代理で立替金精算書の作成をお願いして下さい。
18624,国内出張について、承認責任者です。申請者からの承認依頼メールを誤って削除してしまい、承認が出来ません。どうしたら良いでしょうか？,国内出張申請を誤って削除してしまった場合は、国内出張旅費システムの承認タブをクリックしてください。承認者の「未承認分」が表示されます。
18625,国内出張システムで自分が申請した履歴は過去どこまで確認できますか？,国内出張申請の履歴閲覧については、3ヶ月で「精算が完了したもの」「却下したもの」が画面から消えます。
18626,国内出張について、決算月の場合、いつまでのものが当月計上になりますか？,"国内出張の決算月（3,6,9,12月）は、翌月第２営業日17時までに上長承認を得られたものが、当月計上対象となります。それ以外の月は翌月第１営業日17時までとなります。"
18627,国内出張について、申請した旅費はいつ立替金口座へ振込まれますか？,国内出張旅費立替金の振込日については、国内出張旅費担当者が承認（就業時間内9：00～17：45）した日から２営業日後に振込まれます。
18628,"国内出張について、今月末で退職なのですが、上長が海外出張中の為「未承認」のままの申請があります。
このままにしておいても問題ありませんか？","退職日において国内出張システム上に未承認データが残っていても、申請者退職後でも「承認」は可能です。但し、内容不備で「却下」された場合、退職後に再度申請が出来ません。
申請内容に間違いがないようご注意ください。"
18629,"国内出張について、出張中に体調不良で帰宅しました。
この場合、日当は付きますか？","国内出張中に体調不良で帰宅した場合の日当は、支給されます。
（帰宅日までの日数分）移動した間、会社に拘束されていると考えられる為です。"
18630,国内出張について、研修の場合日当は付きますか？,"業務上必要な社外講習・実習のために国内出張する場合の日当は、支給されます。
会社主催の集合研修に参加するための出張の場合は日当支給はありません。"
18631,国内出張について、TTC社内の研修に、「講師」として出張する場合、日当は付きますか？,講師として、国内出張する場合の日当は、支給されます。
18632,"国内出張について、帰りが遅くなり、出張先で宿泊しました。
翌朝、始業前に戻りましたが、翌朝分の日当は付きますか？","国内出張時に業務上やむを得ず宿泊した場合の日当は、翌日分も日当支給されます。
"
18633,"国内の日帰り出張で、業務+懇親会で11時間以上になった場合の
日当はいくらですか？","国内出張時の懇親会については、業務上強制されない懇親会は私用扱いの為、その時間はカウントされません。その為、業務にかかる時間が11時間未満になる場合、日当は2,600円となります。"
18634,"国内出張について、翌日の打合せが早朝で始発だと間に合わない為、前泊しました。
この場合は移動のみの日でも日当は付きますか？",国内出張の日当については、業務上前泊が必要な場合は移動のみであっても日当は支給されます。
18635,国内出張について、日帰り日当の所要時間は自宅を出た時刻からの計算ではダメですか？,"国内出張の日帰り日当については、所要時間算出の出発又は帰任の時刻は「所属店最寄駅（主要幹線）出発又は到着」の時刻です。（東京は品川駅が基本）
但しご自宅から出張地へ直行する際、所属店最寄駅への移動が非効率な場合、主要幹線を「主要駅」と読みかえてもよく、新幹線、特急の発着駅（東京・上野・新宿・新横浜等）の発着時間も認められます。
なお、ご自宅最寄駅ではありませんのでご注意ください。"
18636,"国内出張について、訪問先A社からB社へ移動、商談後に会社へ戻りました。
会社⇒A社（75ｋｍ）　会社⇒B社（50ｋｍ）　A社⇒B社（105ｋｍ）
この場合100ｋｍ超での日帰り出張扱いになりますか？",国内出張の移動距離については、片道100ｋｍ以上の距離でなければ出張扱いにはならない為、この場合は「外出」となり日当は支給されません。
18637,国内出張について、接待ゴルフで前泊した場合、宿泊費・日当は付きますか？,"国内出張時の接待ゴルフの宿泊費および日当については、業務/出張とはみなしません。「交際費」での処理となります。
よって日当は支給されません。
接待ゴルフに関わる宿泊費・交通費は実費を「交際費」で精算下さい。"
18638,"国内出張について、1週間出張で同じ地にいました。
この場合は長期出張になりますか？","国内出張において、長期出張とは同じ地に1ヶ月以上滞在した場合となります。
1週間は通常の出張と同じ扱いになります。"
18639,国内出張について、1ヶ月以上同じ地での長期出張の場合、宿泊費と日当は通常の出張と異なりますか？,"国内出張における長期出張とは、同じ地に1ヶ月以上滞在した場合となります。
長期出張の場合、宿泊費は実費精算となります。（1日当たりの宿泊費は規定で定められた金額が上限です）
日当は通常の出張と同様に支給します。
但し単身赴任者が留守宅に長期出張する場合、日当は支給されません。"
18640,"国内出張について、100ｋｍに満たない地において、外部も招いた研修を行いました。
この場合、日当と宿泊費はどうなりますか？","国内出張について、規定により所属店最寄駅より100ｋ未満の場合、出張扱いにはならない為、宿泊が必要であっても日当は支給されません。
但し宿泊費は実費精算となります。"
18641,国内出張について、自己都合で前泊した場合の時間の起算は？,国内出張について、自己都合での前泊の場合、業務起算時間は宿泊日の翌日9：00からです。
18642,国内出張について、宿泊先が実家である場合の宿泊費はどうなりますか？,"国内出張の宿泊について、会社施設・友人、知人宅・実家での宿泊は宿泊費5,000円、
単身赴任者の留守宅（＝自宅）での宿泊は宿泊費の支給なしとなります。"
18643,"国内出張について、宿泊先ホテルの領収書を紛失してしまいました。
全額自己負担するしかないですか？","国内出張時の領収書紛失については、会社施設・友人、知人宅・実家での宿泊と同様に5,000円の支給となります。"
18644,"国内出張について、個人で宿泊先を手配しました。
今回旅行会社から会社宛に請求書が発行されます。
規定の金額より安いのですが差額分は請求可能ですか？",国内出張について、個人で宿泊先を手配して、旅行会社等から会社宛に請求書が発行された場合、会社が手配したものとみなされる為、規定の金額より請求額が安くても、差額請求は「不可」です。
18645,国内出張について、飛行機代＆宿泊費のパッケージツアーで出張し、自分で立替支払をしました。その際の金額が規定の宿泊費より安い場合、差額は請求可能ですか？,国内出張時にパッケージツアーで出張し、宿泊費を自分で立替支払をしたときは、実際の金額の方が安い場合、宿泊費は規定通りの金額で請求可能です。その際、領収書は必ず添付して下さい。
18646,国内出張について、品川から名古屋出張の翌日私用の為宿泊付きのパッケージツアーを手配しました。往復の交通費はどの様に精算したら良いですか？,"国内出張時にパッケージツアーで手配した場合の交通費（品川⇔名古屋）については、
■エクスプレス（EX-ICサービス）での金額＜パックツアー代金の場合
　⇒エクスプレスの金額
■エクスプレス（EX-ICサービス）での金額＞パックツアー代金の場合
　⇒パックツアー代金
上記でご精算下さい。"
18647,国内出張について、規定以下の宿泊費で泊まった場合、規定の金額で申請しても良いですか？,国内出張時に規定以下の宿泊費で泊まった場合は、規定通りの金額で宿泊費を申請して下さい。
18648,"国内出張について、同行するお客様と同じホテルに宿泊する必要があったのですが、宿泊費が規定の金額以上にかかりました。
規定との差額分は自己負担になりますか？","国内出張について、同行するお客様と同じホテルに宿泊する必要が生じ、宿泊費が規定の金額以上かかった場合には、業務上必要であったときのみ、上長の承認を得た上でSAP立替金精算を行ってください。（TWINS国内出張では精算不可です）
その際、摘要欄に規定を超えた理由を明記して下さい。"
18649,"国内出張について、宿泊の際、ネットカフェを利用しました。
どのように精算したら良いですか？","国内出張時に「ネットカフェ」を利用した場合は宿泊施設ではありません。
宿泊施設以外を利用した場合、規定の宿泊費を上限として実費精算となります。"
18650,国内出張について、出張となる程遠くない客先を訪問し、宿泊が必要となりホテルに泊まりました。宿泊費は通常の旅費規程と同じ金額で申請して良いですか？,国内出張について、規定により所属店最寄駅より100ｋ未満の場合、出張扱いにはならない為、規定の宿泊費を上限として実費精算となります。
18651,"国内出張について、残業で遅くなった為、会社近くのホテルに宿泊しました。
宿泊費の精算は旅費規定と同じ金額で申請して良いですか？","国内出張の際、残業になり会社近くのホテルに宿泊した場合は、旅費規程にはあてはまりませんので、まずは上長へご相談下さい。
上長の了解を得た場合でも「出張」ではない為、規定の宿泊費を上限として実費精算となります。その際はSAP立替金精算で行ってください。
なお、勘定科目は9162国内出張旅費となります。"
18652,"国内出張について、パワーアップミーティング（PUM）のため東京から名古屋へ行きました。
日当と交通費の申請は出来ますか？","国内出張でパワーアップミーティング（PUM）の場合「日当」は付きません。
日当無しで交通費のみ精算してください。
その際備考欄に「PUM」と明記願います。"
18653,国内出張について、告別式に参列する場合、交通費・日当の申請は出来ますか？,"告別式の参列については、業務命令によるものかを上長が判断し、対応して下さい。
私的個人の葬儀に参列する為の交通費は精算不可です。"
18654,国内出張について、東京本社から知人宅までの往復交通費は精算出来ますか？,国内出張について、業務以外の私的なものについては精算不可です。
18655,国内出張について、成田出発のフライトで出張に行く際、前泊が必要だった為、埼玉の実家へ泊まりました。この場合の精算はどのようにしたら良いですか？,"国内出張で実家に前泊した場合の交通費は、所属店最寄駅から空港への直路で精算して下さい。
（寄り道に関しては精算不可です）
宿泊費は実家泊であれば規定通りの金額で申請して下さい。"
18656,"国内出張について、行きは名古屋⇒東京へ出張、帰りは私用で東京⇒大阪に移動しました。
どのように精算申請したら良いですか？",国内出張で、例えば行きは名古屋⇒東京へ出張、帰りは私用で東京⇒大阪に移動した場合、実際にご利用になった分の領収書添付し、精算は名古屋・東京往復分のみ（大阪分は申請できない）で申請して下さい。領収書台紙の余白に東京・名古屋間のみ精算と記入をお願いします。
18657,国内出張について、帰りの新幹線をエクスプレス予約していたのに、お客様との会食が長引き乗車出来まんでした。二重で請求が来るのですが、精算するための添付書類は何が必要ですか？,"国内出張の精算について帰りの新幹線の請求を2回分することは出来ません。
上長へ相談した上でご申請下さい。"
18658,"国内出張について、エクスプレス予約で同じグループ2人分の新幹線を予約しました。
精算の仕方はどうしたら良いですか？",国内出張精算において、2名分（自分以外）を精算する場合で負担先部署が全て同一であれば、WEB申請時の備考欄に「○○さんと2人分」と明記して頂ければ通常の申請でOKです。
18659,"国内出張について、エクスプレス予約で同じグループ2人分の新幹線を予約しました。
負担先部署コードが違うのですが、精算はどうしたら良いですか？",国内出張旅費システムは、旅費を部署コードごとに按分することは出来ません。SAPで立替金精算をお願いします。1枚の依頼書で複数の負担先に分けて入力することが可能です。
18660,"国内出張について、SUICA,MANACA等のICカードチャージ分の精算も可能ですか？",国内出張におけるSUICA、MANACA等のICカードチャージ分の精算について、交通費は実費払いの為、チャージ分は精算不可です。
18661,"国内出張について、部内研修の為にバスをチャーターしました。
勘定科目は何にしたら良いですか？",国内出張におけるバスのチャーターについては、レンタカー代と同様に、勘定科目は9169旅費交通費雑口です。
18662,国内出張について、台風で通常の交通機関で帰ることが出来なかったため、他の交通機関を利用して、宿泊もしました。交通費・宿泊費は精算出来ますか？,国内出張中において、災害、疾病その他やむを得ない事情により所定の旅費で支弁できなかった費用で所属長の認可を得たものについては、実費を支給します。但し、請求の際は、原則として領収書の添付が必要です。（国内旅費規程第4条）
18663,"国内出張について、台風で出張先から帰ることが出来なくなったため、宿泊しました。
この分は精算出来ますか？",国内出張中において、災害、疾病その他やむを得ない事情により所定の旅費で支弁できなかった費用で所属長の認可を得たものについては、実費を支給します。但し、請求の際は、原則として領収書の添付が必要です。（国内旅費規程第4条）
18664,国内出張について、外出時のJR在来線・私鉄・地下鉄代金の申請だけで、領収書台紙に添付する「領収書」が1枚もありません。このような場合でも領収書台紙の提出は必要ですか？,国内出張において1回の申請書の内容がJR在来線・私鉄・地下鉄などの割引等が無い「近距離定額切符」の場合は領収書台紙の提出は不要です。
18665,"国内出張について、他部署案件で出張しました。
費用負担先が他部署の場合、領収書台紙に捺印頂く「上長」は、所属長or負担先部署長のどちらになりますか？",国内出張において、他部署で費用負担する場合の上長承認先については、負担先の部署長印を取り付け、提出も負担先部署からとしてください。
18666,国内出張について、航空券をネットで購入した場合、どう申請したら良いですか？,国内出張において、航空券をネットで購入した場合について、領収書または証明書を入手し、提出して下さい。
18667,国内出張について、乗車券（原本）は領収書の代わりになりますか？,国内出張精算の乗車券＝領収書の取扱いについて、領収書が望ましいですが、乗車券の原本でも金額記載があれば、領収書として取り扱います。
18668,国内出張について、新幹線の自動改札機にかざすと出る「ICカードの利用券」は領収書の代わりになりますか？,国内出張精算時の領収書の代わりになるものについて、ICカード利用券を認めております。
18669,"国内出張について、ガソリン代を立て替えましたが、領収書を取り忘れました。
クレジットカードの明細でも精算出来ますか？","国内出張精算のクレジットカード払いで領収書がない場合、その旨明記した申立書（所定用紙なし）に上長承認（押印）がもらえればOKです。
領収書台紙に申立書と明細を添付し、ご提出下さい。
尚、クレジットカード明細は氏名・日付・ガソリン代が分かる箇所以外は不要です。
今後は必ず領収書をもらってください。"
18670,"国内出張について、ガソリン代を立て替えましたが、領収書を取り忘れました。
現金払いの為明細がないのですが、精算出来ますか？",国内出張時の領収書を紛失した場合には、「理由書」を作成のうえ、上長の承認をいただき、「領収書台紙」に添付し提出下さい。
18671,"国内出張で、客先へ行くときに利用したタクシーの領収書を紛失しました。
手帳にメモしてあるので日付・料金は分かるのですが、精算出来ますか？",国内出張時の領収書を紛失した場合には、「理由書」を作成のうえ、上長の承認をいただき、「領収書台紙」に添付し提出下さい。
18672,国内出張について、新幹線乗車券/特急券を購入する際、「領収書」の発行を忘れてしまいました。この場合精算は出来ますか？,"国内出張時に新幹線の領収書発行を忘れた場合について、乗車券金額は確認出来るため、その旨明記した申立書（所定用紙なし）に上長承認（押印）がもらえればOKです。領収書台紙に申立書を添付しご提出下さい。
今後は必ず領収書をもらってください。"
18673,"国内出張で、出張先のホテルをオンライン予約し、事前決済しました。
この場合、領収書は無くても精算出来ますか？","国内出張時の宿泊先のオンライン予約・事前決済を行っても、ホテル等の宿泊施設を利用した場合、領収書の添付は必須です。
"
18674,"国内出張について、2か月先の出張用に航空券を早割で購入しました。
領収書も持っています。出張前ですがすぐに精算出来ますか？","国内出張の前払精算について、「前払い」「仮払い」は行っておりません。
立替えた旅費については出張が終わってから申請をしてください。"
18675,"ビザ取得面接の為、東京勤務ですが、大阪へ行きました。
この場合の費用は、出張精算対象となりますか？","ビザ（VISA）申請（面接）のための費用については、以下の通りです。
1.海外に駐在で異動される方の場合・・・新幹線代のみ勘定科目9162国内出張旅費としてSAP立替精算となります。
2.海外出張で入出国の関係上、日本でのVISA取得が必要となる方の場合・・・国内出張旅費精算システムにて精算処理します。
なお、�については費用負担先が通常と異なる場合がありますのでご確認後、精算処理して下さい。"
18676,国内出張でレンタカー利用の際、個人のETCカードは使用出来ますか？,"国内出張時の個人のETCカードは利用可能です。
領収書の代わりとしてETC利用照会サービスから「ETC利用証明書」を印刷し、領収書台紙に添付のうえご提出下さい。"
18677,国内出張で、ETC利用の場合の精算方法はどうしたら良いですか？,国内出張時のETC利用の精算方法については、領収書の代わりとしてETC利用照会サービスから「ETC利用証明書」を印刷し、領収書台紙に添付のうえご提出下さい。
18678,国内出張する際、私有車で行くことは可能ですか？,"国内出張時に業務で私有車を使用するには、前もって申請が必要です。
詳細については次のTTCライブラリーでご確認下さい。
https://twins-a3.toyotsu.co.jp/AP0103/KeijiPub.nsf/vwDocNo-Link-Teikei/T047250?OpenDocument"
18679,国内出張で、自家用車（私有車社用許可願提出済）で有料道路・有料駐車場を利用した場合、精算方法はどうなりますか？,国内出張時に自家用車（私有車社用許可願提出済）で有料道路および駐車場を利用した場合の精算については、実費精算となります。旅費交通費（A9169）で立替金精算依頼書を作成もしくは国内出張旅費システムで国内出張旅費（A9162）で申請して下さい。
18680,国内出張について、自家用車のガソリン代の規定はありますか？,"国内出張時のガソリン代の規定については、「私有車使用規定」に明記されています。詳細については次のTTCライブラリーでご確認下さい。
https://twins-a3.toyotsu.co.jp/AP0103/KeijiPub.nsf/vwDocNo-Link-Teikei/G012830?OpenDocument"
18681,"国内旅費精算について、３か月超の精算履歴を画面で内容を照会したいのですが、何か方法あるでしょうか。
","３か月超の国内旅費精算履歴の画面内容を照会したい方は、THR各拠店担当へ連絡して下さい。
"
18682,宿泊を含む国内出張の場合、移動のみの日については日当は支給なしになりますか？,"宿泊を含む国内出張の日当については、出発日から帰着日までが日当支給対象となります。
私用での宿泊を含む場合は業務をした日のみ日当支給となりますが、業務上必要であると判断して宿泊をした場合は、移動のみの場合も日当支給対象となります。"
18683,海外出張申請をしないで出張をしてしまった場合どうしたらいいですか？,海外出張申請をせずに出張した場合（ドラフト保存を含む）については、出張目的欄に「事後申請」と入力して申請してください。
18684,海外出張精算で提出したホテルの領収書のコピーがほしい場合どうしたらいいですか？,海外出張精算で提出した領収書については、倉庫に保管されてる場合があるので、前もってTHR担当者にご連絡いただきTHRにコピーをとりにいらしてください。
18685,ビザ（VISA）の勘定科目は、なんですか？,ビザ（VISA）取得代の勘定科目は、9238の支払手数料となります。　9311の入出国空港税ではありませんので、ご注意ください。
18686,海外で申請した登記申請手数料の勘定科目は、なんですか？,海外で申請した登記申請手数料の勘定科目は、9238支払手数料です。
18687,インドネシアのビザ（VISA）代の勘定科目を教えてほしい。,ビザ（VISA）の勘定科目は、9238支払手数料です。
18688,出張申請した出張期間内に一度日本に帰国し、再渡航した場合はどうすればいいか。,出張期間中に一旦帰国し、再渡航した場合については、申請済みの出張申請の帰国日を、一度日本に帰国した日にし、再渡航した日を出発日として新規でもう一つ申請をあげてください。
18689,海外出張で日本円で支払った場合は、費用計算書に入れてもいいですか？,海外出張で円貨で支払った場合は、SAPの立替精算にて処理してください。
18690,海外出張精算完了後に海外使用の領収書が追加で出てきた場合どうしたらいいですか？,既に精算完了済で精算漏れした分の領収書については、費用計算書を作成添付して、SAPの立替精算にて処理してください。
18691,ESTA（エスタ）代は、海外出張費用計算書にいれてもいいですか？,"海外出張に伴うESTA（エスタ）代およびETA代の精算については、SAPの立替金精算で精算してください。詳細はTTCライブラリーのこちらを確認してください。（ESTA/ETA同様の手順）
https://twins-a3.toyotsu.co.jp/AP0103/KeijiPub.nsf/vwDocNo-Link-Teikei/T033444?OpenDocument"
18692,費用計算書がエラーになって合計金額が出ない。,"海外出張費用計算書で合計欄がエラーになった場合は、日当日額や金額等に手入力で「＄」「，ｶﾝﾏ」を付けていたことが原因と考えられます。
金額欄には、「数字」や「.　（ﾃﾝ）」以外は入力しないでください。"
18693,海外出張精算の費用明細が全部印刷するには、どうしたらいいですか？,海外出張精算の費用計算書の印刷については、印刷範囲を指定して印刷してください。
18694,海外出張費精算の費用を他の部署も負担する場合どうしたらいいですか？,"海外出張費用を自部署と他部署で分けて精算する場合は、海外出張精算システムの費用負担方法箇所で負担方法を選択してください。

詳しくは次のTTCライブラリーの「海外出張旅費システムマニュアル」にて確認ください。
https://twins-a3.toyotsu.co.jp/AP0103/KeijiPub.nsf/vwDocNo-Link-Teikei/T031295?OpenDocument"
18695,海外出張中に現地で発生した費用を、現地駐在員が立替えた場合の精算方法を教えてください。,海外出張中に現地で発生した費用を、現地駐在員が立て替えた場合の精算方法は、SAPの立替金精算で精算してください。精算レートは該当の出張の帰国日です。
18696,海外出張時に発生した費用で、現地法人に請求がいくはずのホテル代が、自分のクレジットカードから引き落とされていた。既に出張精算は完了しているが、どうしたらよいか。,既に精算完了済で精算漏れした分の領収書については、費用計算書を作成添付して、SAPの立替精算にて処理してください。
18697,海外出張精算済みの費用負担先を変更したい場合どうしたらいいですか？,"精算済みの海外出張旅費の費用負担先Gを変更したい場合は、出張No,、出張者、変更する金額、勘定科目、変更先のGコードを記載して、THR担当者までメールでご依頼ください。"
18698,ESTA（エスタ）代とETA代は海外出張費用計算書に入れてもいいか。,"海外出張に伴うESTA（エスタ）代およびETA代の精算については、SAPの立替金精算で精算してください。詳細はTTCライブラリーのこちらを確認してください。（ESTA/ETA同様の手順）
https://twins-a3.toyotsu.co.jp/AP0103/KeijiPub.nsf/vwDocNo-Link-Teikei/T033444?OpenDocument"
18699,海外出張で日当のみの場合は、費用計算書を提出する必要は、ありますか？,海外出張時に日当のみの精算であっても、海外出張費用計算書は提出してください。
18700,海外出張時の保険の補償詳細は、なんですか？,"海外出張時の会社付保の保険内容は、以下の通りです。

保険会社：三井住友海上（株）
証券番号：E806142772
傷害後遺障害補償：10万円
救援者費用：1,000万円
レンタカー特約（アメリカ・カナダに限る）

なお、更に詳しい補償内容や任意保険の補償内容等を知りたい方は、豊通保険パートナーズ�の団体営業第二部　団体保険営業グループへお問合せください。"
18701,海外出張時のホテルの領収書を紛失した場合どうすればいいですか？,海外出張時のホテルの領収書を紛失した場合は、ホテルに再発行を依頼してください。
18702,出向者受入者ですが、初めて海外出張した、海外出張申請時に支度金有無の項目が表示されない。支度金は申請できますか。,出向受入者の海外出張時の支度金については、電子申請画面に表示されないので、上長よりTHR担当者あてにメールにて支払いの依頼を送信してください。その際に該当者の社員番号と氏名、経費負担部署を明記してください。
18703,出張旅費の担当者が知りたい,"出張旅費の担当者は以下の通りとなります。

・国内出張旅費　名古屋THR：青山、小川　東京THR：平野
・海外出張旅費　名古屋THR：菊池　東京THR：平野、村田

なお、海外規制地域の出張問い合わせについては、名古屋THR労務厚生部労務グループとなります。"
18704,ESTA（エスタ）代とETA代は、海外出張精算してもいいですか？,"海外出張に伴うESTA（エスタ）代およびETA代の精算については、SAPの立替金精算で精算してください。詳細はTTCライブラリーのこちらを確認してください。（ESTA/ETA同様の手順）
https://twins-a3.toyotsu.co.jp/AP0103/KeijiPub.nsf/vwDocNo-Link-Teikei/T033444?OpenDocument"
18705,海外出張精算で、費用計算書のその他の勘定科目が２つ以上になった場合は、どのように精算すればいいですか？,海外出張精算で費用計算書のその他の勘定科目が２つ以上の場合、１つは、海外出張システムで精算し２つめ以上は、SAPの立替精算で処理してください。立替精算依頼書には費用計算書も添付してください。
18706,出向先より請求書にて出向者の海外出張旅費を請求された場合どうしたらいいですか？,出向先から請求書にて請求された出向者の海外出張旅費は、SAPの経費支払依頼書で処理してください。
18707,海外出張精算のレートは、どこでみればいいですか？,"海外出張精算のレートは、下記1から3の順番にて適用してください。                                                      
1.　次のURLより確認してください
http://www.murc-kawasesouba.jp/fx/index.php   
2.　上記1.で確認できない場合は、TWINSの財務企画部ＴＦＮ                 
　　　《TOYOTSU FINANCIAL NEWS》に                                  
  　　　掲載されている『社内レート』を確認                          
  　　　⇒TOYOTSU FINANCIAL NEWS 社内レート                         
  　　　　※（前月のTTMレートの平均値が、社内レートとなります）     
3.　上記2.でも確認できない場合・・・・・                                
  　※　現地通貨に両替した際のレートを使用ください                    
  　　　　　　（エビデンス、両替書を添付）                          
  　※　次のOANDAのURLより確認してくださいhttp://www.oanda.com/currency/classic-converter
"
18708,海外出張の精算届の実績を、データとして抽出できますか？,海外出張の精算届のデータはTHRでは抽出できません。豊通シスコムにメンテナンス依頼書を提出して依頼できます。
18709,海外出張旅費精算の費用計算書の円貨換算の根拠を知りたい。,"海外出張旅費精算の費用計算書の円貨換算額の根拠を知りたい方は、次のTTCライブラリー「【海外出張旅費精算】費用計算書」の中の、費用計算書（Excel）の中にある「費用計算の概要」シートをご確認下さい。

https://twins-a3.toyotsu.co.jp/AP0103/KeijiPub.nsf/vwDocNo-Link-Teikei/T005659?OpenDocument"
18710,海外出張精算で、6年前の2011年7月〜9月分の宿泊先を確認したい,海外出張精算の過去の書類や領収書は、保管庫より取り寄せとなりますので2日程度お時間をいただきます。なお、保管期間は7年間となりますのでご了承下さい。
18711,海外出張時にお客様と空港ラウンジを使用し打合せした場合の勘定科目は？,海外出張時にお客様と空港ラウンジを使用し打合せした場合の勘定科目は、9152会議費で処理して下さい。なお、「会議費交際費明細」も添付して下さい。
18712,海外出張精算でホテルの領収書を失くし、取り寄せに時間がかかるがどうしたらよいか,海外出張精算でホテルの領収書を失くした場合であっても、領収書は原則はオリジナル提出が必須となりますので、再発行で取り寄せできるのであればお願いします。なお、再発行が難しいようであれば、クレジットカードの明細でも処理は可能です。
18713,海外出張で宿泊代の明細を確認したら朝食やミニバー（Mini Bar）が請求されていた、精算できるの？,海外出張時のホテル代の精算について、朝食代、ミニバー（Ｍｉｎｉ Ｂａｒ）、クリーニングﾞ代は、原則として個人負担となります。
18714,四半期決算月の海外出張旅費計算書（領収書）の提出期限はいつですか？,四半期決算月の海外出張旅費計算書（領収書）の提出期限は、原則として翌月第一営業日の午前中です。
18715,JAL明細を確認したいがいつになりますか,JAL明細については、第3営業日にSAPで確認することができます。
18716,海外出張精算で、円貨払い分は費用計算書に含めて精算してもいいですか？,海外出張精算で円貨払いがある場合、「費用計算書」は外貨払い分のみですので円貨払い分は含められません。円貨払いはSAP立替金精算で処理下さい。
18717,海外出張でESTA（エスタ）取得の円貨払いの精算方法は？,"海外出張に伴うESTA（エスタ）代およびETA代の精算については、SAPの立替金精算で精算してください。詳細はTTCライブラリーのこちらを確認してください。（ESTA/ETA同様の手順）
https://twins-a3.toyotsu.co.jp/AP0103/KeijiPub.nsf/vwDocNo-Link-Teikei/T033444?OpenDocument"
18718,ESTA（エスタ）の精算は、なぜ14ドルなの？,"ESTA（電子渡航認証システム）に申請すると14ドルです。無許可の第三者の模倣ウェブサイトで申請すると手数料など請求されますが差額は自己負担となります。

なおESTA（エスタ）の精算処理方法については、次のTTCライブラリーに掲載していますので、ご参照ください。
https://twins-a3.toyotsu.co.jp/AP0103/KeijiPub.nsf/vwDocNo-Link-Teikei/T033444?OpenDocument"
18719,ESTA（エスタ）を申請する場合、TTCライブラリーのどこに掲載されてるの？,"海外出張に伴うESTA（エスタ）代およびETA代の精算については、SAPの立替金精算で精算してください。詳細はTTCライブラリーのこちらを確認してください。（ESTA/ETA同様の手順）
https://twins-a3.toyotsu.co.jp/AP0103/KeijiPub.nsf/vwDocNo-Link-Teikei/T033444?OpenDocument"
18720,海外出張中に現地で円貨で支払ったが精算方法は？,海外出張精算で円貨払いがある場合、「費用計算書」は外貨払い分のみですので円貨払い分は含められません。円貨払いはSAP立替金精算で処理下さい。
18721,ビザ（VISA）の領収書をなくしてしまったのですが、パスポートの添付してある部分のコピーでもいいですか？,ビザ（VISA）の領収書をなくしてしまった場合は、パスポートのビザのコピーを代用して結構です。
18722,海外出張旅費精算の申請で、一部費用を他の部署に振るときは、どうしたらいいでしょうか？,海外出張旅費精算の申請で、一部費用を他部署の負担としたい場合は、精算届の費用負担方法を『所属Gコードと他Gコードで負担』にして、費用を振り分けたい他Gコードを入力してください。費用明細欄は、所属G・他Gのそれぞれの負担額を入力してください。
18723,３ヶ月の海外出張の場合の出張費精算の仕方は、どうやりますか？,"1ヶ月以上の海外出張精算については、原則、1ヶ月ごとに途中精算することになります。
途中精算する際に、通常の出張システムで精算してしまうと、帰国したことになってしまいます。
そのため、通常通り、海外出張費用計算書を作成したら、部署の方に計算書をメールで送付いただき、SAPの立替精算処理をして下さい。
また、領収書は必ずオリジナルを添付となりますので、部署宛に郵送してください。※レートは精算月の社内レートを使用。

部署の方は、「立替精算依頼書」に費用計算書と領収書を添付の上、ＴＨＲ各拠店の担当まで提出して下さい。

帰国された際は、最終の精算のため、通常通り、海外出張システムの精算届を作成して下さい。精算届作成時の出張期間は、実際の出発日・帰国日となりますが、
日当支給日数は、途中精算した日数を引いてください。

なお、同一国に長期出張する際の日数制限（183日ルール）には抵触しないようご注意ください。詳細については次のTTCライブラリーをご参照ください。 
https://twins-a3.toyotsu.co.jp/AP0103/KeijiPub.nsf/vwDocNo-Link-Teikei/GG004981?OpenDocument"
18724,ESTA（エスタ）の１４ドルの精算レートは、なんですか？,"ESTA（エスタ）の１４ドルの精算レートは、申請月の社内レートです。なお、クレジットカードの請求額書コピーの添付により、請求実費でも精算可です。

詳細は次のTTCライブラリーを参照ください。（ESTA/ETA同様の手順）
https://twins-a3.toyotsu.co.jp/AP0103/KeijiPub.nsf/vwDocNo-Link-Teikei/T033444?OpenDocument"
18725,海外で接待飲食代を取引先が一部負担してくれた場合や割勘された場合で、これら先方負担金額を除いて請求されたときの勘定科目は、どうしたらいいでしょうか？,"接待飲食代を取引先が一部負担してくれた場合や割勘された場合であっても、原則としてこれらの金額も含めた総額を参加人数で割って、実際の１人あたりの飲食代が5,000円以下か超過するかを確認した上で、交際費明細を添付して914Y交際費（50%損金算入海外）又は914B交際費（海外損金算入）にて処理します。
"
18726,海外出張時のレンタカーの許可申請書は、ありますか？,"海外出張時におけるレンタカーの許可申請書はありませんが、海外出張者向け安全ハンドブックにある8ページ目「※外国においては、交通事故のリスクが高いため、出張者の車の運転は原則として認めない。やむなく運転せざるを得ない場合は、所属部長及び、出張先拠点長の承認を取り付けること。」に記載のとおり、所属部長及び出張先拠点長の承認を取り付けてください。

なお、海外出張者向け安全ハンドブックは次のTTCライブラリーに記載していますので、ご確認ください。
https://twins-a3.toyotsu.co.jp/AP0103/KeijiPub.nsf/vwDocNo-Link-Teikei/GG001803?OpenDocument"
18728,海外出張精算を申請したいんですが、CFFのTTSレートがOANDAにもない場合どうしたらいいですか？," 海外出張精算で、oandaにも掲載の無いレートがある場合には、両替したレート又はクレジットカードの決済レートを使用してください。

　【参考】　oandaは、英文のものです。日付け　（帰国日）を入力して、それぞれの項目に以下の様に入力してください。
　　　・左側・・　手元にある通貨（外貨）　を選択
　　　・右側・・　必要な通貨（Japanese Yen、ＪＰＹ）　を選択　
　　　・【Cｏｎｖｅｒｔ　Ｎｏｗ】　をクリック
　　　・「Yｏｕ　buy・・」のレートを見てください。　
　　You bｕｙ・・（顧客が買う）　・・・　銀行側のTTＳレート
　　You sell・・（顧客が売る）　・・・　銀行側のTTＢレート　
 　★TTSレートとは、銀行が顧客に外貨を売るレート。
　　　（顧客側からは銀行から外貨を買うレート。）"
18729,"海外出張のための航空券を国内で手配し、キャンセルしました。
国内手配分なので国内出張システムを利用し申請して良いですか？","国内で手配した海外出張のための航空券精算について、国内で手配した航空券であっても、海外出張用航空券のキャンセル料は海外出張旅費となります。
勘定科目は9161海外出張旅費にて、立替金精算依頼書または経費支払依頼書を作成下さい。"
18730,"海外出張時に前泊が必要となり、日本国内のホテルに宿泊しました。
高額だったのですが、精算出来ますか？",海外出張時に前泊が必要となった場合の国内ホテル代については、規定の宿泊費を上限として精算可能です。規定以上の金額については自己負担となります。
18731,海外出張から帰国した日の日当はどうなりますか？,海外出張旅費規定による日当となります。国内出張システムでの精算は不可です。
18732,環境省へ領収書原本を提出する必要があるため、提出済みの領収書を返却してほしい,海外出張精算で、領収書原本の返却をご希望の方は、倉庫から取り寄せますので、出張番号をTHR担当者へ連絡して下さい。入手次第あらためて連絡しますのでお待ち下さい。なおTHR保管がコピーとなる依頼書を作成下さい。
18733,海外出張精算したいが、レートがTWINSのどこにあるのか解らない,"海外出張精算のレートは、下記�から�の順番にて適用してください。                                                      
1.　次のURLより確認してください
http://www.murc-kawasesouba.jp/fx/index.php   
2.　上記1で確認できない場合は、TWINSの財務企画部ＴＦＮ                 
　　　《TOYOTSU FINANCIAL NEWS》に                                  
  　　　掲載されている『社内レート』を確認                          
  　　　⇒TOYOTSU FINANCIAL NEWS 社内レート                         
  　　　　※（前月のTTMレートの平均値が、社内レートとなります）     
3.　上記2でも確認できない場合・・・・・                                
  　※　現地通貨に両替した際のレートを使用ください                    
  　　　　　　（エビデンス、両替書を添付）                          
  　※　次のOANDAのURLより確認してください
http://www.oanda.com/currency/classic-converter
"
18734,１ヶ月以上の長期海外出張の場合の精算処理方法は？,"1ヶ月以上の海外出張精算については、原則、1ヶ月ごとに途中精算することになります。
途中精算する際に、通常の出張システムで精算してしまうと、帰国したことになってしまいます。
そのため、通常通り、海外出張費用計算書を作成したら、部署の方に計算書をメールで送付いただき、SAPの立替精算処理をして下さい。
また、領収書は必ずオリジナルを添付となりますので、部署宛に郵送してください。

部署の方は、「立替精算依頼書」に費用計算書と領収書を添付の上、ＴＨＲ各拠店の担当まで提出して下さい。

帰国された際は、最終の精算のため、通常通り、海外出張システムの精算届を作成して下さい。精算届作成時の出張期間は、実際の出発日・帰国日となりますが、
日当支給日数は、途中精算した日数を引いてください。

なお、同一国に長期出張する際の日数制限（183日ルール）には抵触しないようご注意ください。詳細については次のTTCライブラリーをご参照ください。 
https://twins-a3.toyotsu.co.jp/AP0103/KeijiPub.nsf/vwDocNo-Link-Teikei/GG004981?OpenDocument"
18735,海外出張の際に同行者（TTC社員）の宿泊代を立て替えた場合の処理は？,"海外出張に同行したTTC社員の宿泊代を立替えた場合には、その分も含めて海外出張システムの精算届で、一緒に精算してください。
同行者の費用負担Ｇが異なる場合には、費用負担方法で「所属Ｇコードと他Ｇコードで負担」を選択し、他Ｇコード欄に立替分を入力してください。
その際に、摘要欄に、「○○さんの宿泊代」とわかるように明記してください。"
18736,海外出張をするために日本でパスポートを取得・更新した場合の処理方法は？,"海外出張のためにパスポートを取得・更新する費用は、海外出張が具体的に予定されている状況で発行するものであれば「海外出張のため」と判断されるため、SAP立替精算にて処理できます。ただし、具体的に海外出張が予定されていない状況では「海外出張のため」とは見做されないため、処理出来ません。
なお、パスポート申請・増刷のために購入した収入印紙代・県証紙代は9238支払手数料雑口（不課税）、写真代は9329雑費（課税）、代理店を通して支払った場合の申請手続きの手数料は9239支払手数料雑口（課税）となります。"
18737,円貨払いがある場合は海外出張旅費に含めて精算してもよいか？,海外出張精算で円貨払いがある場合、「費用計算書」は外貨払い分のみですので円貨払い分は含められません。円貨払いはSAP立替金精算で処理下さい。
18738,ビザ（VISA）取得代の勘定科目は？,ビザ（VISA）取得代の勘定科目は、9238の支払手数料となります。　9311の入出国空港税ではありませんので、ご注意ください。
18739,海外出張申請を行う際に、該当する都市名がない。問合せ先は人事部となっているが具体的にはどこに聞けばよいか？,海外出張申請の際に、出張先の都市名が申請画面に無い場合には、名古屋THR労務厚生部労務グループにお問合せ下さい。
18740,海外出張精算で、交際費の領収書をなくしたが、どのように精算したらよいか,海外出張精算で領収書を紛失した場合、クレジットカード明細で対応出来ます。クレジットカード明細での精算となる理由を明記のうえ、上長印をもらって下さい。円貨精算となるのでSAP立替金精算です。
18741,海外出張旅費システムの3月計上の締日はいつになりますか？,海外出張旅費システムの3月計上締日は、4月の第一営業日午前中に上長承認完了および紙の計算書の提出が完了しているものとなります。
18742,経費支払と立替金精算の3月計上の締日はいつになりますか？,経費支払と立替金精算の3月計上の締日は、原則4月の第二営業日定時までに、紙の提出があったものとなります。
18743,海外出張の際に、お客様と同行して現地でケーブルカーに乗ったが、費用科目は何になりますか？,海外出張時にお客様と同行した際のケーブルカーの費用は、観光目的であれば9142の交際費となります。
18744,海外出張精算で適用するレートに５％以上の差が出た場合とは？,"海外出張精算で適用するレートに５％以上の差が出る場合とは、以下のケースとなります。
1.帰国日レートと両替時のレートとの差が５％以上（ただし、両替時等の手数料は自己負担となるため計算の対象外となります）
2.クレジットカードの場合は、帰国日レートとカード明細のレートとの差が５％以上（ネットで2日後くらいに明細を確認できます）"
18745,マレーシアのレートは？,"海外出張精算時のマレーシアのレートについては、TWINS内の社内RATE表を確認下さい
https://g-twins.toyotsu.co.jp/AP0246/SDB170.nsf/View_UNID/634E0DB111B42CEB492574520000B9EA?OpenDocument"
18746,台湾のレートは？,"海外出張精算時の台湾のレートについては、TWINS内の社内RATE表を確認下さい
https://g-twins.toyotsu.co.jp/AP0246/SDB170.nsf/View_UNID/634E0DB111B42CEB492574520000B9EA?OpenDocument"
18747,ＴＴＭ、TTS、TTBレートとは？,"ＴＴＭレート（＝仲値）とは、各銀行が為替の売買をする際に基準とするレートで、朝9時55分頃のインターバンク市場の為替レートを参考にして決定する対顧客レートの基準値となるレートのことをいいます。

TTSレートとは対顧客電信売相場のことで、銀行が顧客に対して外貨を売る（円を外貨に交換する）時に用いられる為替レートになります。

TTBレートとは対顧客電信買相場のことで、銀行が顧客に対して外貨を買い取る（外貨を円に交換する）時に用いられる為替レートになります。

"
18748,ＴＴＭレートの仲値とは？,ＴＴＭレート（＝仲値）というのは、各銀行が為替の売買をする際に基準とするレートで、朝9時55分頃のインターバンク市場の為替レートを参考にして決定する対顧客レートの基準値となるレートのことをいいます。
18749,ＴＴＳレートとは？,TTSレートとは対顧客電信売相場のことで、銀行が顧客に対して外貨を売る（円を外貨に交換する）時に用いられる為替レートになります。
18750,"レートはどこで確認するの？                                                      

","海外出張精算のレートは、下記1から3の順番にて適用してください。                                                      
1.　次のURLより確認してください
 http://www.murc-kawasesouba.jp/fx/index.php   
2.　（1）で確認できない場合は、TWINSの財務企画部ＴＦＮ                 
　　　《TOYOTSU FINANCIAL NEWS》に                                  
  　　　掲載されている『社内レート』を確認                          
TOYOTSU FINANCIAL NEWS 社内レート                         
  　　　　※（前月のTTMレートの平均値が、社内レートとなります）     
3.　（2）でも確認できない場合・・・・・                                
  　※　現地通貨に両替した際のレートを使用ください                    
  　　　　　　（エビデンス、両替書を添付）                          
  　※　次のOANDAのURLより確認してください
http://www.oanda.com/currency/classic-converter

"
18751,海外出張精算で、社内レート、TTSレート、OANDAでもレートの確認できないときはどうしたらよいですか？," 海外出張精算で、oandaにも掲載の無いレートがある場合には、両替したレート又はクレジットカードの決済レートを使用してください。

　【参考】　oandaは、英文のものです。日付け　（帰国日）を入力して、それぞれの項目に以下の様に入力してください。
　　　・左側・・　手元にある通貨（外貨）　を選択
　　　・右側・・　必要な通貨（Japanese Yen、ＪＰＹ）　を選択　
　　　・【Cｏｎｖｅｒｔ　Ｎｏｗ】　をクリック
　　　・「Yｏｕ　buy・・」のレートを見てください。　
　　You bｕｙ・・（顧客が買う）　・・・　銀行側のTTＳレート
　　You sell・・（顧客が売る）　・・・　銀行側のTTＢレート　
 　★TTSレートとは、銀行が顧客に外貨を売るレート。
　　　（顧客側からは銀行から外貨を買うレート。）"
18752,"海外出張精算で、交際費・会議費の勘定科目は何になりますか？5,000円で分けるのですか？","海外出張精算での交際費・会議費の勘定科目は、以下の通りとなります。
・9142交際費
・914Y交際費（50%損金算入）：\5,000超/人で社外の人を含む飲食
・914B交際費（損金算入）：\5,000以下/人で社外の人を含む飲食
・9152会議費：会議や打合せに伴う食事代等で、議事・内容は必ず記入しておく

※上記いずれの場合も、【交際費会議費精算明細書】を添付してください。"
18753,"海外出張精算で、日本円で支払ったものがある場合には費用計算書に含めていいですか？　
",海外出張精算で円貨払いがある場合、「費用計算書」は外貨払い分のみですので円貨払い分は含められません。円貨払いはSAP立替金精算で処理下さい。
18754,海外出張の際に、携帯電話を日本でレンタルしたが、勘定科目は何になりますか？,"海外出張の際に、携帯電話を日本でレンタルした場合の勘定科目は、以下の通りです。
日本の消費税が課税されている場合：9171通信費（国内電話・FAX）
日本の消費税が課税されていない場合：9178通信費（海外）"
18755,海外出張で、現地で本人が立て替えた費用を現地法人等が負担することとなる場合は？,"海外出張で、現地で立て替えた費用を豊田通商以外の会社が負担することとなる場合には、豊田通商負担の費用のみを費用計算書に入力してください。
先方負担分は、ＳＡＰの立替精算で勘定科目を1581営業短期債権で処理してください。"
18756,海外出張で、現地で立替えた費用の一部を取引先が負担してくれる場合の費用計算書の入力方法はどのようになりますか？,"海外出張で、現地で立て替えた費用を豊田通商以外の会社が負担することとなる場合には、豊田通商負担の費用のみを費用計算書に入力してください。
先方負担分は、ＳＡＰの立替精算で勘定科目を1581営業短期債権で処理してください。"
18757,海外出張はしていないが、現地で発生した交際費を豊田通商に負担にしてほしいと現地法人から依頼がありました。その処理は？,海外出張の有無に関わらず、本来豊田通商以外の会社が負担すべき費用を豊田通商が負担することは、合理的理由が無い限り費用精算できません。営業経理部にご相談ください。
18758,海外出張で、エアチケットキャンセル料の勘定科目は何になりますか？,"海外出張で、エアチケット代のキャンセル料の勘定科目は以下の通りです。
日本の消費税が課税されていない場合：9161海外出張旅費
日本の消費税が課税されている場合：9169旅費交通費雑口（課税）"
18759,海外出張で、取引先への献花代を支払った場合の勘定科目は何になりますか？,海外出張で、取引先への献花代を支払った場合の勘定科目は、9142交際費で処理してください。
18760,面接のため、面接対象者が海外から日本に来る際に、交通費を営業部負担で支給したい場合、勘定科目はどうなるか？,"面接を受けるために海外から来る場合の交通費の勘定科目は、以下の通りです。
日本の消費税が課税されていない場合：9322雑費（海外）
日本の消費税が課税されている場合：9329雑費（課税）

"
18761,海外出張で、危険地域での空港VIPｻｰﾋﾞｽ利用のための入場料の勘定科目は？,海外出張で、危険地域での空港VIPｻｰﾋﾞｽ利用のための入場料の勘定科目は、9322雑費（海外）で処理してください。
18762,海外出張時の日本の空港使用料の勘定科目は？,海外出張時の日本の空港使用料の勘定科目は、9162国内出張旅費で処理してください。
18763,海外出張時の日本の旅客保安サービス料（課税）　の勘定科目は？,海外出張時の日本の旅客保安サービス料（課税）の勘定科目は、9162国内出張旅費で処理してください。
18764,海外出張で、燃油サーチャージ料の勘定科目は？,海外出張で、燃油サーチャージ料の勘定科目は、9161海外出張旅費で処理してください。
18765,海外出張時の業務委託先以外の取引先の宿泊費を負担した場合の勘定科目は？,海外出張時の業務委託先以外の取引先の宿泊費を負担した場合の勘定科目は、9142交際費で処理してください。
18766,"ロンドンで毎年開催される晩餐会に出席するため、
現地でタキシードをレンタルする。勘定科目は？",海外での会合参加のために礼服をレンタルする費用は、9295賃借料（会議に際して一時的に借りた物品のレンタル代）として処理します。
18767,オーストラリアなどで海外出張時にクレジットカードを使用した場合、クレジットカード・サーチャージ（１〜６％程度）が発生しますが、この勘定科目は？,海外出張時にクレジットカードを使用した場合に発生するクレジットカード・サーチャージは、宿泊費等にかかる場合には9161海外出張旅費に含めて処理してもよいですが、個別に9238支払手数料で処理しても可とします。
18768,海外出張時のスーツケース宅配代金（自宅〜国内空港）の勘定科目は？,海外出張時のスーツケース宅配代金（自宅〜国内空港）の勘定科目は、9241荷造運賃（国内）にてＳＡＰ立替精算処理して下さい。なお、宅配便の送り状が兼領収書となっていますので、送り状の控えを添付してください。
18769,海外出張時に通訳を委託した場合の通訳料の勘定科目は？,海外出張時に通訳を委託した場合の通訳料の勘定科目は、9238支払手数料雑口（不課税）で処理してください。
18770,海外出張で、両替時に発生した手数料については、精算対象とはならないか？,"海外出張で、両替時に発生した手数料については、精算対象外（自己負担）となります。
"
18771,海外の展示会での飲食代で、お客様の分も立て替えた。勘定科目は？,海外の展示会での飲食代は「会議費」又は「交際費」として処理します。
18772,海外出張時に発生したクーリエ代の勘定科目は？,海外出張時に発生したクーリエ代の勘定科目は、9242荷造運賃（海外）で処理してください。
18773,交際費の損金算入とはどのような意味ですか？,交際費の勘定科目の中にある損金算入とは、税務上も費用（損金）と認めて法人税等の課税対象とはしない交際費をいいます。交際費は税務上費用とは認めない（これを損金不算入といいます）のが原則的な考えです。
18774,"国内で使用している携帯電話を海外出張で使用する場合の処理は？
また国内で携帯電話をレンタルし、海外で使用した携帯電話の使用料は？","海外出張システムで精算できるものは、海外において外貨で立替えた費用（個人の携帯電話を使用した場合）のみが対象となるため、国内の通信費は、ＴＯＳ担当で処理しています。
円貨の通信費は、ＴＯＳへ提出して下さい。
外貨の通信費は、費用計算書（勘定科目：9178通信費　海外）にて処理して下さい。"
18775,"海外出張時に現地で携帯電話本体を購入した場合、
その費用を精算できる？
","海外出張時に現地で携帯電話本体を購入した場合の取扱いについては、携帯電話の会社契約は、禁止されています。
個人で購入した場合は、原則、個人負担となります。

なお、出張時には外部の携帯電話レンタルサービスが
利用できます。

詳細は次のTTCライブラリーをご参照ください。
https://twins-a1.toyotsu.co.jp/AP0103/KeijiPub.nsf/vwDocNo-Link-Teikei/T013441?OpenDocument

"
18776,"ESTA（エスタ）の支払いはカード決済ですが、精算処理はどのようにしたらよいか？
","ESTA（エスタ）の精算処理方法については、次のTTCライブラリーに掲載していますので、詳細はこちらをご参照ください。
https://twins-a3.toyotsu.co.jp/AP0103/KeijiPub.nsf/vwDocNo-Link-Teikei/T033444?OpenDocument
"
18777,模倣サイトでESTA（エスタ）申請してしまい、申請手数料を余計に支払った場合の精算は？,"模倣サイトでESTA（エスタ）を申請して手数料を余計に支払った場合、正規の手数料金額である「１４ドル」との差額分は、自己負担となりますのでご注意ください。
なおESTAの精算処理方法については、次のTTCライブラリーに掲載していますので、こちらをご参照ください。
https://twins-a3.toyotsu.co.jp/AP0103/KeijiPub.nsf/vwDocNo-Link-Teikei/T033444?OpenDocument"
18778,海外出張精算で、入国費のレシートをもう一度使いたい場合、どうすればよいですか？,海外出張精算で、入国費のレシートをもう一度使いたい場合は、一度コピーしてオリジナルを返却しますが、利用後に必ずTHRへ返却して下さい。
18779,領収書の宛名は？,海外出張精算の領収書の宛名は、原則、豊田通商(株)となります。
18780,費用計算書と領収書を紛失してしまったら？,"海外出張精算で、費用計算書および領収書の紛失の場合、費用計算書を再印刷し、余白部分に「提出途中で紛失」等と明記して、カード明細等の証明書類を添付の上、上長印押印し、再提出してください。

"
18781,日本でパスポートを取得・更新した場合、処理できるか？,"海外出張のためにパスポートを取得・更新する費用は、海外出張が具体的に予定されている状況で発行するものであれば「海外出張のため」と判断されるため、SAP立替精算にて処理できます。ただし、具体的に海外出張が予定されていない状況では「海外出張のため」とは見做されないため、処理出来ません。
なお、パスポート申請・増刷のために購入した収入印紙代・県証紙代は9238支払手数料雑口（不課税）、写真代は9329雑費（課税）、代理店を通して支払った場合の申請手続きの手数料は9239支払手数料雑口（課税）となります。"
18782,パスポート取得・更新した場合の費用について、旅行代理店を通さずに、個人で立て替えた場合の処理は？,"海外出張のためにパスポートを取得・更新する費用は、海外出張が具体的に予定されている状況で発行するものであれば「海外出張のため」と判断されるため、SAP立替精算にて処理できます。ただし、具体的に海外出張が予定されていない状況では「海外出張のため」とは見做されないため、処理出来ません。
なお、パスポート申請・増刷のために購入した収入印紙代・県証紙代は9238支払手数料雑口（不課税）、写真代は9329雑費（課税）、代理店を通して支払った場合の申請手続きの手数料は9239支払手数料雑口（課税）となります。"
18783,パスポート取得・更新した場合の費用について、代理店を通すと手数料も発生するが会社負担となるか？,"海外出張のためにパスポートを取得・更新する費用は、海外出張が具体的に予定されている状況で発行するものであれば「海外出張のため」と判断されるため、SAP立替精算にて処理できます。ただし、具体的に海外出張が予定されていない状況では「海外出張のため」とは見做されないため、処理出来ません。
なお、パスポート申請・増刷のために購入した収入印紙代・県証紙代は9238支払手数料雑口（不課税）、写真代は9329雑費（課税）、代理店を通して支払った場合の申請手続きの手数料は9239支払手数料雑口（課税）となります。"
18784,海外出張申請で、部付のためＧＬがいない部署の承認者は？,"海外出張申請で、部付のためＧＬがいない部署の承認者は、以下の通りとなります。
1.【承認者（ＧＬ）】・・部長に承認してもらい、
2.【承認者（部長）】・・部長に承認してもらう。
　よって、部長には２回承認してもらうことになります。"
18785,海外出張申請で、 ＧＬが不在の場合と、 部長が不在の場合、承認者はどのようになるか？,"海外出張申請で、（Ａ） ＧＬが不在の場合と、（Ｂ） 部長が不在の場合、承認者のガイドラインは以下の通りとなります。

（Ａ）ＧＬが不在の場合
1.M4職以上の方を選択
     【承認者（ＧＬ）】・・部長に承認してもらい、
2. 【承認者（部長）】・・部長に承認してもらう。　
      部長には２回承認してもらうことになります！

（Ｂ）部長が不在の場合
・M4職以上の方を選択

なお、部長承認欄の変更は、TWINSのシステム上、
申請者本人では変更ができません。
ＧＬの方が承認する際に、次承認者の部長欄を
該当の方に変更の上、承認してもらってください。"
18786,海外出張申請システムの承認者の変更方法について,"海外出張申請システムの承認者の変更方法は、以下の通りとなります。
「承認者変更」を選択し、承認者を変更すると
【初期設定に戻す】
【次回以降も記録】
【今回のみ変更】
と表示されます。（掲示板などの申請と同じ）

『次回以降も記録』を選択すると、人事異動で変わっても
承認者は固定されたままになっています。
『初期設定に戻す』でリセットすれば、人事異動と連動します。"
18787,海外出張申請で、所属が「部付」となり、申請画面上、【ＧＬの入力必要】となりますが、 直属の上司は部長のため、ＧＬ不在の状況です。申請方法をご教示願います。,"海外出張申請で、部付のためＧＬがいない部署の承認者は、以下の通りとなります。
（1）【承認者（ＧＬ）】・・部長に承認してもらい、
（2）【承認者（部長）】・・部長に承認してもらう。
　よって、部長には２回承認してもらうことになります。"
18788,海外出張申請で、部長が長期休暇を取る際、承認者が部長になる方々は、システム上で代理の方に申請が変更できるようなしくみになっておりますでしょうか？,"海外出張申請で、通常、部長不在時には、代行されている部長職の方（副部長）を承認者に選択していただければ結構です。
海外出張はすべて部長決裁となりますので、部内の出張者すべてが対象となります。

なお、部長承認欄の変更は、TWINSのシステム上、申請者本人では変更ができません。
ＧＬの方が承認する際に、次承認者の部長欄を該当の方に変更の上、承認してもらってください。"
18789,海外出張申請で、ＧＬが承認した後に、再度自分が承認した内容を見たい場合は？,"海外出張申請でＧＬが承認した後に、再度GL自身が自分で承認した内容を見たい場合、システム上、未承認の画面しか見れません。
よって承認が完了したものは、閲覧できません。"
18790,海外出張申請で、3月中に出張申請した後に、4月からグループコードが変更になったら？,海外出張申請で、3月中に出張申請した後に、4月からグループコードが変更となった場合、ＴＨＲで修正できます。出張ＮＯ．をご連絡の上、新しいグループコード修正後の精算届を作成してください。
18791,海外出張申請で、承認後出張先を１ヶ所変更する場合,海外出張申請の承認後、出張先を変更する場合は、上長承認のうえ、メールにてTHR各拠店担当へ確認して下さい。
18792,海外出張申請で、２つの出張の間に1日しかない。それでも出張申請は２件作成すべきか？,海外出張申請で、２つの出張の間に1日しかない場合について、一旦帰国しているのであれば、保険期間が切れてしまうため、出張申請は２件作成していただく必要があります。
18793,海外出張申請を承認後、同日に出張中止処理がされた場合,海外出張申請承認後、同日中に出張中止処理がされた場合は、その後特に処理することはありません。そのままの状態にしておいて結構です。
18794,海外出張の日当を1日短く付け、帰国日は国内日当で精算してしまったどうすればよいか？,海外出張の日当の過払い分については、給与にて天引きするので、THR各拠店担当へご連絡下さい。
18795,海外出張システムのマニュアルは？,"海外出張システムマニュアルについては、次のTTCライブラリーにて掲載していますのでこちらをご確認下さい。　　　　　　　　　　　　　　　　　　　　　　　　　　
https://twins-a3.toyotsu.co.jp/AP0103/KeijiPub.nsf/vwDocNo-Link-Teikei/T031295?OpenDocument"
18796,海外出張精算漏れがあった場合どうすればよいか？,"海外出張精算完了後に、申請漏れがあった場合については、SAP立替金精算にて処理します。摘要に出張ＮＯ．や理由等をご記入ください。
なお、円換算する際は該当の海外出張の帰国日レートで費用計算書も作成して、添付してください。"
18797,立替金口座の変更登録をしたら、いつから新口座へ反映されますか？,"立替金口座を変更登録した場合の新口座への反映時期は、THRが登録した翌日から新しい口座が使用可能となります。
原則、変更届に記載のご希望日に登録されますが、担当者不在や定時後に申請されたものについては登録日がずれることもございます。
正確な日付を知りたい場合は立替金口座登録担当者へご連絡下さい。"
18798,"お客様手配のツアーで海外出張する場合の申請・精算は？
ツアーなので、細かく費用が分かれていません。","お客様手配のツアーで海外出張する場合の出張申請は、通常通り作成して、費用は概算額を入力してください。
その後、海外出張精算時において現地で本人が立替えた金額と日当については、出張精算対象としてください。
なお、お客様手配のツアー分は経費支払処理となりますが、ツアー費用の明細は取り付ける様にしてください。
"
18799,海外出張精算で、同行者（TTC社員）の宿泊代を立て替えた場合の処理は？,"海外出張の際に同行者の宿泊代を立て替えた場合は、海外出張システムの精算届で、一緒に精算してください。
同行者の費用負担先と立替者の負担先が異なる場合は「所属Ｇコードと他Ｇコードで負担」を選択し、他Ｇコード欄に立替分を入力して精算ください。
その際に、摘要欄に、「○○分の宿泊代」とわかるように明記してください。"
18800,海外出張精算届を入力しても、合計欄に反映されません,"海外出張精算届の金額合計欄に数字が反映されない場合としては、，（カンマ）や．（ピリオド）などを金額欄に入力している可能性があります。金額欄には数字のみを入力してください。

例）金額欄に、「９１．０８９」円と入力していた。
⇒「．」は不要です。「９１０８９」円と数字のみ入力してください。"
18801,"出向先負担の海外出張精算が、「0円」で申請できない
","出向先負担で海外出張精算をする場合、以下の状態だと申請時にエラーとなります。

・費用明細欄に金額の入力がされていない
・費用計算書ファイルが添付されていない

よって、精算額が0円の場合は、ブランクの費用計算書で結構ですので、何かファイルを添付して再度申請してください。"
18802,出向受入者や派遣社員などが海外出張のため保険に加入する場合の精算方法は？,"コーポレートカードに加入できない出向受入、派遣社員等が疾病・傷害治療保険に加入する場合は、保険を主管部にして、SAP立替金精算で勘定科目9250保険料にて精算処理して下さい。
ただし、保険でカバーされない治療は個人負担となりますので、ご注意ください。

詳細は次のTTCライブラリーをご参照ください。
https://twins-a3.toyotsu.co.jp/AP0103/KeijiPub.nsf/vwDocNo-Link-Teikei/GG004032?OpenDocument"
18803,海外出張申請届が却下されたとき、保険申込も自動的に取消となる？,"会社付保の保険については、保険申込は毎月末に締め、保険部へデータが流れます。月末時点で承認されている出張届についてデータを流すため、却下されたデータは保険申込も取り消されます。
なお、個人で掛けた保険は、ご自身でキャンセルしてください。"
18804,"海外出張でビザを取得しなければならないため、任意加入保険を申し込んだ。
通常は個人負担だが、部署負担にしてもらえないか？","海外出張における任意保険については原則個人負担のため、個人加入の保険料は会社負担とはなりません。
ただし、チェコについては例外となりますので、詳細は次のTTCライブラリーを参照してください。
https://twins-a3.toyotsu.co.jp/AP0103/KeijiPub.nsf/vwDocNo-Link-Teikei/GG001554?OpenDocument"
18805,海外出張ｼｽﾃﾑで、「保険申込みへ」から先へ進めません。,"海外出張システムにおいて、保険申込みから先に進めない場合は、出発日の年月日が間違っていませんか？（年度の切替時に多い入力ミスです）
正確な日付を確認の上、入力してください。
"
18806,海外出張時の会社付保について、ビザ申請で、付保証明書（英文）が必要です。発行していただけますか？,海外出張時の保険付保証明書については、保険部へ直接依頼してください。
18807,海外出張時の会社付保の保険内容は？,"海外出張時の会社付保の保険内容は、以下の通りです。

保険会社：三井住友海上（株）
証券番号：E806142772
傷害後遺障害補償：10万円
救援者費用：1,000万円
レンタカー特約（アメリカ・カナダに限る）

なお、更に詳しい補償内容や任意保険の補償内容等を知りたい方は、豊通保険パートナーズ�の団体営業第二部　団体保険営業グループへお問合せください。"
18808,海外旅行総合保険の申込書の送付先は？,海外旅行総合保険の申込書の送付先は、名古屋THRの給与部豊通給与Ｇへ送付してください。
18809,海外出張中に病院に行った場合,"海外出張中に病院に行った場合、コーポレートカードに加入していれば、保険加入者と保険会社との直接のやりとりにて、保険適用していただきます。（ただし歯科治療はカードの保険対象外）

詳細については、次のTTCライブラリーをご参照ください。
https://twins-a3.toyotsu.co.jp/AP0103/KeijiPub.nsf/vwDocNo-Link-Teikei/GG004032?OpenDocument"
18810,海外出張者は何故コーポレートカード加入するの？,"海外出張中に重篤な病気を患った場合、怪我をした場合に備え、海外旅行傷害保険付帯のコーポレートカードにご加入をお願い致します。

詳しくは次のTTCライブラリーをご参照ください。
https://twins-a3.toyotsu.co.jp/AP0103/KeijiPub.nsf/vwDocNo-Link-Teikei/GG004032?OpenDocument
"
18811,出向受入者や派遣社員はコーポレートカードに加入できないが保険はどうなる？,"コーポレートカードに加入できない方（出向受入、派遣社員など）については、
以下のいずれかの方法で、300万円までの疾病・傷害治療保険を必ずカバーするようにして下さい。
1.出向元、派遣元会社が付与している保険を利用
2.個人のクレジットカード付帯の保険を利用
3.疾病・傷害治療保険への加入

各治療の補償額（300万円まで）の保険を主管部にて精算して下さい。上記以外は「個人負担」となりますので、予めご了承下さい。

詳しくは次のTTCライブラリーをご参照ください。
https://twins-a3.toyotsu.co.jp/AP0103/KeijiPub.nsf/vwDocNo-Link-Teikei/GG004032?OpenDocument
"
18812,初めての海外出張だが、語学研修生として渡航していた場合、支度金は支給されますか？,"語学研修生として海外出張する際の支度金については、支給対象外です。

なお、すでに「はじめての出張」でいったん本日承認されてしまった場合には、本日のデータ送信（17：45）までに、「初めての海外出張ですか？」を“いいえ”に変更すれば、支度金対象外にすることができます。（通常の金額訂正等と同じ）
"
18813,"海外出張申請で、2件同時申請したところ、初めての出張なのに「支度金」が支給されないのは何故？
●Ａ・・・支度金あり（7/29〜8/4）と
●Ｂ・・・支度金なし（8/26〜9/8）の２つの申請を同日に申請","海外出張申請において同日中に2件申請・承認を行ってしまい、支度金が支給されない場合は、SAP立替精算で支払処理をお願いします。

なお、例えば以下のＡとＢの2件の海外出張申請があった場合には、
●Ａ・・・支度金あり（出張期間：7/29〜8/4）
●Ｂ・・・支度金なし（出張期間：8/26〜9/8）

1. 「Ａ・・・支度金あり」の申請を先に承認し、
2. 翌日以降、「Ｂ・・・支度金なし」の申請を承認してください。
今後１.及び２.のケースについては、同日中に承認処理しないようにお願いします。"
18814,出向受入者の海外出張支度金は支給される？,"出向受入者の海外出張支度金については、原則支給対象外の為、申請画面に表示されません。
ただし、出向受入者は部署の了承があれば支給対象となりますので、、GLよりその旨メールにてTHR担当者までご依頼ください。"
18815,国内出向者が海外出張する場合の支度金について,"国内グループ会社等の出向者が初めての海外出張に行く場合、
TTC負担でも出向先負担でも、支度金は支給されます。
負担先は主管部署となります。
（支度金は、TTC用務の場合も出向先用務の場合も、
　主管部負担となります。）

処理としては、海外出張システムの出張申請を提出して下さい。
出向者の出張申請の場合、TTC負担か出向先負担かを
選択するようになっていますので、今回は、出向先負担として申請して下さい。
（出向先負担として申請しても、支度金は主管部負担となります）"
18816,海外出張時の仮出金はいくらまで？,"海外出張における仮出金の支給については、原則、日当相当額を上限とします。
仮出金については、最終精算時に相殺されることになりますので、相殺しきれなかった不足額が発生した場合は、給与天引となります。
長期出張の場合は、一ヶ月毎の精算が原則になっていますので、仮出金は必要最低限の金額とし、毎月SAPの立替金精算で精算をしてください。"
18817,"海外からの出向者は、ある一定期間経過すると一時帰国が可能となりますが、海外出張精算はどうやる？
","海外からの出向者の海外出張申請については、「0（ｾﾞﾛ）円」で申請してください。　
なお、添付ファイルがないと申請エラーとなるので、ブランクの費用計算書を添付してください。
"
18818,"海外からの出向者が出向受入解除となった時の帰国旅費は？
","海外からの出向者が受入解除となった場合の帰国旅費については、以下の通りです。
・出向協定書に、TTCと出向元のどちらの会社の費用負担となっているかを確認します。
・TTC負担で支払う場合は、会社指定の旅行代理店を通して処理してください。
　"
18819,国内出向者が海外出張する際の承認先・申請先は？,"国内グループ会社等への出向者が、海外出張する場合の承認先および申請者については、名古屋管轄となり名古屋THRにて承認いたします。
申請画面の左上に申請先が（名古屋申請）と表示されます。"
18820,国内出向者が、海外出張した時に、出張費用を出向先が100％負担した場合の申請処理は？,"国内グループ会社等への出向者が海外出張する場合の出張申請は、以下の通りです。
１．TTC費用負担の海外出張の場合・・・・通常の出張届作成と同じです。
２．出向先が出張費用を100％負担する場合・・・次のTTCライブラリー「海外出張システムマニュアル」のEXCELファイルの「出向者の出張」シートを参照ください。

https://twins-a3.toyotsu.co.jp/AP0103/KeijiPub.nsf/vwDocNo-Link-Teikei/T031295?OpenDocument"
18821,海外出張時に、ゲストハウスに泊まった場合の宿泊費は？,海外出張中に、ゲストハウスに泊まった場合の宿泊費は、機中泊や知人宅に泊まった場合と同様、20ドルとなります。
18822,海外出張時に、機中泊（又は車中泊）とホテルデイユースの場合、両方請求することができるか？,海外出張時に機中泊（又は車中泊）とホテルデイユースが重複する場合は、どちらか一方のみが精算対象となります。通常、デイユースのほうが金額が高いので、高い方の金額を精算対象とします。
18823,海外出張時に、取引先手配の宿泊があった場合、20ドルをつけることができるか？,海外出張時に、取引先手配の宿泊があった場合、宿泊費として20ドルの手当をつけることは出来ません。
18824,"海外出張のフライトが東京発であったため東京へ移動し、前泊した場合、国内の日当は申請しないという理解であってるか？
","海外出張のため東京や成田などに国内移動し、前泊した場合の日当については、移動した日とフライト日が異なる場合、移動日については国内の日当が支給されます。

詳しくは、海外旅費規程第8条「国内旅費規程との関連」をご確認ください。
『出発日以前及び内地到着日以降の交通費・宿泊費は国内旅費規程による。但し、到着日及び出発日の日当は本規程により支給する。』
"
18825,"海外出張の際に、名古屋本社勤務の方がフライトの関係で、羽田空港に到着後、そのまま東京で一泊し、翌日に名古屋へ帰着した場合の帰国日は？




","海外出張時に東京（羽田空港）に到着後、そのまま東京に宿泊し、翌日名古屋へ帰着した場合、出張期間は所属店出発日・所属店帰国日を入力してください。（会社付保のため）

例えば、海外出張期間は9/5〜9/8で羽田空港に9/8の23時に到着し、そのまま東京に一泊して翌日9/9に名古屋に帰着する場合の出張期間は、9/5〜9/9となります。

但し、9/9の日当は、国内出張扱いとなるので、海外出張の日当はつきません。
よって、海外出張費用計算書の日当計算期間は9/5〜9/8で、9/8の帰国日レートでの精算となります。

なお、東京での一泊は、国内出張旅費規程で処理して下さい。（9/8の東京宿泊費と9/9の日当は、国内出張旅費ｼｽﾃﾑでの精算となります。
　　　　　　　　　"
18826,国内出張と同様に、海外出張時の宿泊費の上限はありますか？,"海外出張旅費の宿泊代の上限については、国によって事情も異なるため、上限設定は設けていません。基本的に上長承認の実費精算としていますが、高額の場合は、THR各拠店担当より確認させていただいています。
なお、お客様同行等、特別な事情があり、高額になりそうな場合は、事前に人事総務部に確認していただき、費用計算書にその旨ご記入ください。"
18827,"海外出張で、現地の主催者側から参加日当<US$1,100ドル>を現金で受け取った。
交通費も含まれていますが、出張処理は何か必要ですか？",海外出張中に、現地主催者側から日当などを現金で受け取った場合は、海外出張費用計算書に、受取額をマイナス金額で記載して、差額を精算して下さい。
18828,海外出張が人事研修の一環であるが、日当は支給されますか？,"人事研修のための海外出張の日当については、通常通り支給されます。
但し、国内出張の場合、会社主催の集合研修は日当支給しませんので、ご注意ください。"
18829,機中泊の考え方は？,"海外出張の機中泊の考え方については、【出張日数−１日＝宿泊日数】の範囲内で考えます。
同日中にホテル宿泊がある場合は、機中泊とホテル代のどちらかを選択して下さい。
また、フライトの関係でアーリーチェックイン、レイトチェックアウト、デイユース、空港内シャワー等を利用する場合、ルームチャージの実費を支給しますが、機中泊分は支給対象外となります。"
18830,海外出張で出張期間が１ヶ月延びた場合はどこへ連絡すればいいの？,"海外出張が延長となった場合は、THRにて出張期間を修正しますので、THR各拠店の担当へ連絡して下さい。
なお、実際の保険適用期間は精算届を提出した時に確定となります。"
18831,海外出張精算で、食事代やクリーニング代（ランドリー代）は個人負担ですか？,海外出張時のホテル代の精算について、朝食代、Ｍｉｎｉ Ｂａｒ、クリーニングﾞ代は、原則として個人負担となります。
18832,"海外出張精算で、すでに精算済みの宿泊費のカード引き落としが無いため確認したら、現地法人で負担してくれていたことがわかった。
返金したいが、どう処理したらよいですか？",海外出張旅費で既に精算済みの費用を返金したい場合は、【過払返金処理】として給与天引きしますので、THR各拠店担当へ連絡して下さい
18833,プロジェクトの開発費で、海外出張システムとは別で立替精算処理したい。,"海外出張旅費システムとは別で精算する場合は、経費支払又はSAP立替精算で処理出来ます。
なお、開発費は社内決裁の取得が必要となりますので、申請手続きをして下さい。
"
18834,"海外出張で7月出発のエアチケット代を6月に購入。ＪＭＢ振替えではなく、旅行会社に請求書を発行してもらえば、6月計上できますか？
","海外出張において、出張前に発生した費用は役務が完了しておらず、未確定債務となるため費用計上はできません。
よって、例えば7月出発予定のエアチケット代を6月に購入しても、実際の使用年月が7月であれば、経費支払処理でも6月費用計上は出来ません。"
18835,海外出張精算の四半期決算月の処理について、教えて下さい。,"海外出張精算の四半期決算月（6月・9月・12月・3月）の計上処理については、次のとおりとなります。

例） ６月計上の場合
 ■海外出張システム
　費用計算書の提出は、7月第一営業日の午前中が締め切りです。
　7月第二営業日定時までにTHRで承認されたものが、6月計上となります。

但し、帰国日が7/1以降のものを、7月第二営業日定時までに最終承認しても７月計上になります。
　
■経費支払・SAP立替精算
7月第三営業日承認までが６月計上となります。伝票の提出は、7月第一営業日定時が締め切りです。

　なお決算月に、掲示板にて締め切りについて掲載しますので、ご確認ください。"
18836,決算月をまたぐ出張時に、決算月分のみ先に計上したい場合は？,"海外出張精算において、決算月をまたぐ出張時に決算月分のみを先に計上したい場合は、途中精算となるので、海外出張システムではなく、立替精算（ＳＡＰ）となります。
もし領収書がコピーしかない場合は、コピーをいったん添付して、後で差し替えとなります。また残りの精算（翌期分）については、海外出張システムで通通り処理します。"
18837,海外出張精算で、決算月に、出発日未定（4月以降の予定）の航空券を3月計上したいが可能ですか？,海外出張精算で、出発日が未定のものは、役務が完了しておらず確定債務とはなりませんので、今期（3月）に費用計上処理できません。
18838,年末年始の海外出張システムは？,"年末年始の海外出張旅費システムについては、次のとおりです。

年末年始の12/25〜翌年1/4は、THR承認はできますが、
ホストへのデータ送信はされません。
その間に承認されたデータについては、
1/5に承認されたものと同じタイミングで
ホストへ送信されますので、ご留意ください。

"
18839,海外出張精算で、旅費交通費（宿泊費・日当）を現地法人が負担した場合の処理は？,"現地法人が宿泊費や日当を負担した場合の海外出張旅費精算については、
日当支給日数：　０日間
立替金合計：　　　　０円　（ゼロ精算）
システムの特記事項に、『旅費交通費（宿泊費・日当）は現地法人負担』と入力して、処理してください。"
18840,海外出張時のハンドキャリーについて,"海外出張時のハンドキャリーについては、次のTTCライブラリーをご参照ください。
https://twins-a3.toyotsu.co.jp/AP0103/KeijiPub.nsf/vwDocNo-Link-Teikei/GG009160?OpenDocument
"
18841,海外出張時の予防接種の要・不要の判断は？,"海外出張に伴う予防接種（要/不要）の判断については、次のTTCライブラリーに掲載している「海外安全ハンドブック」を参照してください。 
なお、要・不要は本人判断となります。
https://twins-a3.toyotsu.co.jp/AP0103/KeijiPub.nsf/vwDocNo-Link-Teikei/GG001803?OpenDocument"
18842,"海外出張の際の予防接種（国内発生分）を収入印紙で
支払った場合の勘定科目は？","海外出張に備えて国内で予防接種を受けて収入印紙で支払った場合は、支払方法に関係なく、9199 厚生費 雑口（課税）の勘定科目となります。
　　　　"
18843,海外出張時の勤務表の入力は？,"海外出張時の勤務表の入力については、ＴＴＣライブラリー「ワークルールハンドブック」に掲載されていますので確認下さい。
https://twins-a3.toyotsu.co.jp/AP0103/KeijiPub.nsf/vwDocNo-Link-Teikei/GG004445?OpenDocument

勤務管理システムでは、「海外出張」とチェックするボタンがあり、
「9:00〜17:45」自動入力され、みなし労働となります。
残業した場合は、上長が認めれば申請可能です。

休日出勤の場合は、日本のカレンダーを基準として入力を行います。
日本の休日に現地で仕事をしたら、その日は休日出勤又は振替出勤扱いになります。
"
18844,"
同一国長期出張　183日ルール（タイは180日）","海外出張の同一国長期出張ルールについては、次のTTCライブラリーに掲載していますのでこちらを確認下さい。
https://twins-a3.toyotsu.co.jp/AP0103/KeijiPub.nsf/vwDocNo-Link-Teikei/GG004981?OpenDocument"
18845,一般派遣社員が長期海外出張の申請をする場合には？,一般派遣社員の方が長期海外出張の申請をする場合は、発生の都度、派遣元会社に問題ないか確認が必要です。
18846,"長期（１ヶ月以上）の海外出張の場合は、精算はどうするの？
","1ヶ月以上の海外出張精算については、原則、1ヶ月ごとに途中精算することになります。
途中精算する際に、通常の出張システムで精算してしまうと、帰国したことになってしまいます。
そのため、通常通り、海外出張費用計算書を作成したら、部署の方に計算書をメールで送付いただき、SAPの立替精算処理をして下さい。
また、領収書は必ずオリジナルを添付となりますので、部署宛に郵送してください。

部署の方は、「立替精算依頼書」に費用計算書と領収書を添付の上、ＴＨＲ各拠店の担当まで提出して下さい。

帰国された際は、最終の精算のため、通常通り、海外出張システムの精算届を作成して下さい。精算届作成時の出張期間は、実際の出発日・帰国日となりますが、
日当支給日数は、途中精算した日数を引いてください。

なお、同一国に長期出張する際の日数制限（183日ルール）には抵触しないようご注意ください。詳細については次のTTCライブラリーをご参照ください。 
https://twins-a3.toyotsu.co.jp/AP0103/KeijiPub.nsf/vwDocNo-Link-Teikei/GG004981?OpenDocument"
18847,指定旅行代理店は？,"海外出張において、会社指定の旅行代理店とは、TTCライブラリーにて掲載している、契約旅行代理店４社（トヨタツーリスト、阪急交通社、エヌオーイー 、ＭＯツーリスト）となります。　　　　　　　　　　　　　　　　　　　　　　　　　　　　
契約以外の代理店を利用したい場合は、THR労務厚生部労務Ｇにご相談下さい。
"
18848,海外出張時のビザ手続きは？,海外出張において、VISA（ビザ）の手続きについては、会社指定の旅行代理店に直接依頼してください。
18849,"退職後に、未精算が発覚したが、どうしたらよいか？
海外出張システムは、「精算届作成待」状態です。","退職後に海外出張の未精算があった場合、『精算届作成待』状態であれば、費用負担部署にて立替金精算の処理をしてください。後日、立替金口座へ振り込みます。
計算書をもとにSAPの立替精算依頼書を作成し、書類一式をTHRへご提出ください。退職後1〜2ヶ月は、立替金口座の登録はそのまま入金できますので早急ご対応をお願いします。
出張届は、「出張中止」処理して下さい。
また、保険部に、未精算で退職したため、中止処理したことと、実際の出張期間を連絡してください。"
18850,"豊田通商から関連会社へ転籍のため、2月末日で豊田通商を
退職となるが、退職後の精算方法と振込はどうなりますか？
（海外出張の帰国日が「2月末日」、出張申請＆上長承認が「2月末日」完了）
2月末日分として夜間処理には間に合いますが、実際振り込む際には、退職しています。
","転籍や退職後の海外出張旅費精算については、当月末日で退職されるので、翌日以降は、TWINSが利用できなくなります。
そのため、海外出張精算は、最終出社日までに必ず、システム申請していただく必要があります。
なお立替金口座のデータはすぐには削除されませんので、承認は、退職日以降でも問題ありません。ただし、いつまでも振込可能ではありませんので、1週間を目処に最終承認をして下さい。
なお、出向受入者と派遣社員は、立替金口座の削除が早いため、退職日に必ず精算申請していただくようお願いします。"
18851,海外出張が中止となったがどうすればよいか。,"海外出張申請の最終承認後に出張中止となった場合は、電子申請にて「出張中止」をして下さい。
なお、仮出金がある場合は、THR各拠店担当へ連絡して下さい。"
18852,海外出張申請をして、精算届を開いてしまったが、実際は出張中止になった場合、システム上、「ドラフト保存中」で残ってしまっているが？,海外出張申請をして、その後精算届を開いてしまったが、実際は出張中止になりシステム上、「ドラフト保存中」で残ってしまった場合、精算届を開くと、システム上は帰国したと認識されるため、「出張中止」というボタンが無く処理できません。THRにてシスコムへデータ削除のメンテナンス依頼をしますので、THR各拠店の担当へ連絡して下さい。
18853,"海外出張精算で、帰国日を過ぎると、「精算届けを出してください」と精算するまで督促メールが届く。
帰国日が延長になり、帰国日を修正したのですが、まだ督促メールが届くのは何故ですか？","海外出張届承認完了した後、帰国延長となった為、人事部にて帰国日を延長を行ったにも関わらず、精算督促メールが送信される場合は、以下の通りとなります。

■原因について
精算督促メール送信判定は、以下の仕組みとなっています。
　・初回（出張届の帰国日より７日経過後、送信）
　・２回目以降（初回送信日より７日経過後、送信）

■対応について
初回送信をされていない状態に、豊通シスコムにてデータコンバートすることで督促メールをストップすることが可能です。その場合にはお手数ですが、メンテナンス依頼書が必要となりますので、THR各拠店担当へ連絡して下さい。

"
18854,海外出張費用計算書のエクセルファイル（マクロ）が作動しません。,"海外出張費用計算書のエクセルにはマクロが含まれています。エクセルファイル（マクロ）が作動しない場合には、次のTTCライブラリーを参照ください。

https://twins-a3.toyotsu.co.jp/AP0103/KeijiPub.nsf/vwDocNo-Link-Teikei/T005659?OpenDocument"
18855,"海外出張システムでエラーが発生して、出張申請が出来ません！

例外エラーが発生しました。
fumctionスタックトレース：
anonymous->anonymous->JS00_FileSave->JS00_FileSave->anonymous->anonymous->doClick->〔anonymous〕->*end*
","海外出張システムでエラーが発生した場合は、ご利用いただいたＯＳ，インターネットエクスプローラのバージョンを確認してください。
海外出張旅費の動作保障環境としましては、Windows Xp + IE6となっています。
"
18856,海外駐在員の海外出張旅費を、豊田通商（TTC）で負担して処理をしたい場合、SAPの立替金精算で処理出来ますか？,"海外駐在員の海外出張旅費は、原則として現地負担での処理となります。
"
18857,海外出張時に、会議で「昼食代＋会議室使用料」の合計額が領収書に記載されているのみで、それぞれの明細金額が無く、詳細がわからない場合は？,海外出張時に現地で会議室を利用したが、詳細な明細がないときは、9295賃借料（海外）で処理して下さい。
18858,海外出張精算で、航空保険特別料金（非課税）の勘定科目は？,海外出張における航空保険特別料金（非課税）の勘定科目は、9161海外出張旅費です。
18859,海外出張申請の承認者変更したいがどうすればいい？,海外出張電子申請の承認者変更については、承認者の一つ前の人が変更可能です。例えば、承認者（GL）を変更したい場合は、提出者本人が変更、部長を変更したい場合は、承認者GLが変更可能です。
18860,海外出張時にお土産に対する関税が発生した場合の勘定科目は？,海外出張時のお土産代に対する関税の勘定科目は、お土産代を取得するための附属費用となりますので、9142交際費となります。
18861,役員出張規程は別にあるの？,役員の出張旅費規程については、内規があります。詳しく知りたい場合には、THR海外出張旅費担当者までご連絡ください。
18862,海外出張申請ルートについて、承認者を変更したいがどうしたらよいか？,海外出張電子申請の承認者変更については、承認者の一つ前の人が変更可能です。例えば、承認者（GL）を変更したい場合は、提出者本人が変更、部長を変更したい場合は、承認者GLが変更可能です。
18863,海外出張申請していた出張期間が承認後変更になった場合、どうすればいいの？,海外出張期間が申請承認後に変更となった場合は、上長に報告のうえ、各拠店のTHRへ連絡（メール可）して下さい。
18864,長期海外出張で、日当のみ途中精算したいときの「帰国日」は？「レート」は？,"海外出張が1ヶ月以上の長期になる場合は、1ヵ月毎の精算が原則です。
電子申請は帰国するまで精算せず、SAP立替金精算にて処理して下さい。
摘要欄に「出張No.」と「途中精算」と記入いただき、
日当分の費用計算書を添付してください。

ｅｘ）3/1〜4/23の長期出張で、3月分を途中精算する場合
　　SAPに添付する計算書の帰国日は、3/31
　　そのレートは、3/31のレート（精算期間対象の最終日のレート）

"
18865,海外出張時に、黄熱病の予防接種を現地で受けた。外貨で支払ったが精算はどのようにしたらよいか？,海外出張の際に黄熱病の予防接種を受けた場合は、費用計算書に含めて精算して下さい。勘定科目は9197厚生費（海外）となり、費用計算書では（その他）を選択して下さい。
18866,海外出張精算で、勘定科目（その他）が2科目以上あり、電子申請できないがどうして？,海外出張費用計算書のその他欄については、1科目しかできません。その他欄の精算が2科目以上となる場合は、SAP立替金精算にて別途処理して下さい。
18867,海外出張精算について、「費用計算書」の東京の提出場所はどこですか？,"海外出張精算の東京の提出先は、16階中央専用トレーとなります。
なお、国内出張と海外出張の「領収書台紙」が類似しているため、持ち込まれる方が間違えないよう、海外出張精算は「費用計算書」を表紙にしてご提出下さい。




"
18868,"休暇で海外滞在する予定であるが、その滞在中に業務を行うことになった場合、その業務に従事した際の宿泊費や現地旅費は、海外出張旅費として精算可能か？
","休暇で海外滞在する場合で、その滞在中に業務を行うことになったときは、そもそも休暇中（海外旅行）の業務は、原則不可となります。
どうしても業務上必要な場合は、別途、THR名古屋労務G（名古屋3513）へご相談下さい。

"
18869,"前回の海外出張時の領収書を今回受け取りました。精算方法を教えてください。
","前回の海外出張時の未精算が発生した場合の精算方法は、以下の通りとなります。

1.料金の支払いが前回出張時であれば、SAPの立替金精算で精算します。
前回出張時の帰国日レートで、未精算分のみの費用計算書を作成し、領収書と一緒に提出してください。

2.料金の支払が今回出張時であれば、今回の費用計算書に含め、摘要欄にいつの出張の分かを明記してください。

"
18870,"海外出張時に、現地時間で日本出発日と同日にホテルに宿泊した場合は、機中泊はつきますか？
","海外出張時に、現地時間で日本出発日と同日にホテルに宿泊した場合は、機中泊はつかず、ホテル実費が精算対象となります。
なお、機中泊の考え方については、次のTTCライブラリーに掲載されておりますのでご参照ください。
https://twins-a3.toyotsu.co.jp/AP0103/KeijiPub.nsf/vwDocNo-Link-Teikei/T048036?OpenDocument
"
18871,領収書が財布ごと盗難され無くなってしまいました。クレジットカードの利用明細で海外出張精算の処理はできますか？,領収書が盗難により無くなった場合の海外出張精算については、クレジットカード会社からの請求書コピーの添付で対応させていただきますが、盗難によって領収書原本を提出できない旨を文書にし、あわせて提出してください。
18872,海外出張旅費精算が承認されていないものがありますが、いつ承認になりますか？,"海外出張旅費精算でまだ未承認のデータが残っている場合、THRに費用計算書が届いていない可能性があります。
上長印取り付けなどで貴部署内に滞留していないか、今一度ご確認下さいますよう宜しくお願い致します。
"
18873,海外出張精算で、自分以外の社員のホテルキャンセル料を立替えた場合の勘定科目は何になりますか？,海外出張精算で、自分以外の社員のホテルキャンセル料を立替えた場合の勘定科目は、9161海外出張旅費です。どなたの分か、費用計算書の摘要欄に明記してください。
18874,海外出張申請を提出するのを忘れていました。,"海外出張申請の提出を忘れた場合、出張目的欄に「事後申請」と入力して、至急出張届を提出してください。
次回より、必ず事前申請をお願いします。"
18875,海外出張期間が延長になった場合の報告は、メールでいいでしょうか？,"海外出張期間が延長になった場合には、メールにて各拠点のTHR担当までご連絡ください。THRで出張期間を変更しますが、出張申請時の滞在都市以外の場所に行かれる場合は、追加になった滞在都市もご報告ください。
なお、危険地域に該当する都市の場合には、THR名古屋労務Ｇ（名古屋3513）へご連絡ください。
"
18876,海外出張の帰国日が変更する場合、追加申請は必要でしょうか？,"海外出張の帰国日の変更があった場合は、THRにて変更いたしますのでメールにて各拠点のTHR担当までご連絡ください。
"
18877,海外出張でクレジットカードを利用して精算したが、レートが大幅に異なった場合の精算金額は？,"海外出張期間中のレート変化で、５％以上の相違が出た場合には、両替時等のエビデンス添付によって両替時等の特例レートを使用出来ます。（ただし、日当および機中泊時のレートを除く）

"
19305,海外出張担当者を教えて下さい。,"海外出張担当者については、
名古屋THR：菊地、東京THR：平野・村田　となります。

なお、規制地域については、名古屋THR労務厚生部労務グループ　となります。"
19306,国内出張担当者を教えて下さい。,"国内出張担当者については、
名古屋THR：青山・小川、東京THR：平野　となります。"
22091,TTSレートを三菱UFJリサーチ＆コンサルティングで確認する場合、どのシートを使うの？,海外出張時の帰国日レートは、TTSレートについて、三菱UFJリサーチ＆コンサルティングのシート名「本日の為替相場」または「1990年以降の為替相場」で確認して下さい。
22448,国内の日当について,"国内出張の日当については、次のTTCライブラリーをご参照ください。

https://twins-a3.toyotsu.co.jp/AP0103/KeijiPub.nsf/vwDocNo-Link-Teikei/G007476?OpenDocument
"
22449,海外の日当について,"海外出張の日当については60ドルとなります。
なお、深夜便利用の場合や機中泊の場合の日当については、次のTTCライブラリーをご参照ください。

https://twins-a3.toyotsu.co.jp/AP0103/KeijiPub.nsf/vwDocNo-Link-Teikei/T048036?OpenDocument


"
