id,question,answer,question_answer_id,bot_id,answer_id
3203418,ピティナ（一般社団法人ピティナ）という組織について教えて下さい。,"ピティナは、全国組織を持つ公益法人であるピアノ・音楽指導者団体です。

詳細
http://www.piano.or.jp/info/about/",8973,8,2671
3203419,ピティナとは,"ピティナは、全国組織を持つ公益法人であるピアノ・音楽指導者団体です。

詳細
http://www.piano.or.jp/info/about/",8974,8,10617
3203420,ピティナとは,"ピティナは、全国組織を持つ公益法人であるピアノ・音楽指導者団体です。

詳細
http://www.piano.or.jp/info/about/",8975,8,10618
3203421,ピティナって何ですか,"ピティナは、全国組織を持つ公益法人であるピアノ・音楽指導者団体です。

詳細
http://www.piano.or.jp/info/about/",8976,8,10619
3203422,ピティナについて,"ピティナは、全国組織を持つ公益法人であるピアノ・音楽指導者団体です。

詳細
http://www.piano.or.jp/info/about/",8977,8,10620
3203423,登録している先生には、登録基準等があるのですか？,"ピティナ正会員、指導会員 演奏会員等のうち、掲載希望を頂いている方のみ登録しております。掲載にあたっては、特に審査等はございません。

会員種別について
http://www.piano.or.jp/info/member/date.html",8978,8,2673
3203424,登録の基準,"ピティナ正会員、指導会員 演奏会員等のうち、掲載希望を頂いている方のみ登録しております。掲載にあたっては、特に審査等はございません。

会員種別について
http://www.piano.or.jp/info/member/date.html",8979,8,10624
3203425,登録に審査は必要ですか,"ピティナ正会員、指導会員 演奏会員等のうち、掲載希望を頂いている方のみ登録しております。掲載にあたっては、特に審査等はございません。

会員種別について
http://www.piano.or.jp/info/member/date.html",8980,8,10625
3203426,登録について,"ピティナ正会員、指導会員 演奏会員等のうち、掲載希望を頂いている方のみ登録しております。掲載にあたっては、特に審査等はございません。

会員種別について
http://www.piano.or.jp/info/member/date.html",8981,8,10626
3203427,登録基準,"ピティナ正会員、指導会員 演奏会員等のうち、掲載希望を頂いている方のみ登録しております。掲載にあたっては、特に審査等はございません。

会員種別について
http://www.piano.or.jp/info/member/date.html",8982,8,10627
3203428,登録に審査はありますか,"ピティナ正会員、指導会員 演奏会員等のうち、掲載希望を頂いている方のみ登録しております。掲載にあたっては、特に審査等はございません。

会員種別について
http://www.piano.or.jp/info/member/date.html",8983,8,10628
3203429,ピアノ教室紹介の申込に会員登録などは必要ですか？,会員登録なしで、どなたでも仲介料無料にてお申込できます。ご希望の先生を見つけたら、お気軽にお申込ください。,8984,8,2674
3203430,ピアノ教室紹介を利用すると料金がかかりますか？,教室紹介は仲介無料です。ピティナへのお支払いは生じません。習うことになったら、先生に直接レッスン代をお支払いください。,8985,8,2675
3203431,無料ですか,教室紹介は仲介無料です。ピティナへのお支払いは生じません。習うことになったら、先生に直接レッスン代をお支払いください。,8986,8,10630
3203432,料金は,教室紹介は仲介無料です。ピティナへのお支払いは生じません。習うことになったら、先生に直接レッスン代をお支払いください。,8987,8,10631
3203433,お金かかりますか,教室紹介は仲介無料です。ピティナへのお支払いは生じません。習うことになったら、先生に直接レッスン代をお支払いください。,8988,8,10632
3203434,大手音楽教室のように、月謝額に決まりはありますか？,"月謝額・入会金に決まりはありません。

個人教室が登録されており、月謝額・欠席時の規則・振替レッスン等は教室によって異なります。レッスンを開始する前に先生へよくご確認ください。

なお、ご紹介成立後にやめられる場合や、月謝料の調整などについては仲介致しかねますのでご了承下さい。",8989,8,2676
3203435,月謝額は,"月謝額・入会金に決まりはありません。

個人教室が登録されており、月謝額・欠席時の規則・振替レッスン等は教室によって異なります。レッスンを開始する前に先生へよくご確認ください。

なお、ご紹介成立後にやめられる場合や、月謝料の調整などについては仲介致しかねますのでご了承下さい。",8990,8,10634
3203436,月謝は,"月謝額・入会金に決まりはありません。

個人教室が登録されており、月謝額・欠席時の規則・振替レッスン等は教室によって異なります。レッスンを開始する前に先生へよくご確認ください。

なお、ご紹介成立後にやめられる場合や、月謝料の調整などについては仲介致しかねますのでご了承下さい。",8991,8,10635
3203437,希望の先生が複数いて迷っています。たくさん申し込んでもいいですか？,"一度にお一人ずつ先生をご紹介致しますので、まずは第一希望の先生を決めてお申し込み下さい。

不明点や要望がありましたら、申込フォームの要望欄にご記入ください。",8992,8,2677
3203438,同時に申込したい,"一度にお一人ずつ先生をご紹介致しますので、まずは第一希望の先生を決めてお申し込み下さい。

不明点や要望がありましたら、申込フォームの要望欄にご記入ください。",8993,8,10638
3203439,色んな先生に申込たい,"一度にお一人ずつ先生をご紹介致しますので、まずは第一希望の先生を決めてお申し込み下さい。

不明点や要望がありましたら、申込フォームの要望欄にご記入ください。",8994,8,10639
3203440,希望する先生のレッスン室所在地や連絡先だけ教えていただくことはできますか？　,個人情報保護法に基づき、先生ご本人の了解を頂いた上で、レッスンを希望される方のみにお伝えしています。,8995,8,2678
3203441,レッスン料金、曜日などに希望があるのですが、掲載されていません。,レッスン料金や曜日などの情報は、申告内容に沿って掲載しています。掲載されていない情報に関してご要望がある場合は、申込フォームの要望欄へご記入ください。,8996,8,2679
3203442,希望条件に合う先生が見つかりません。,登録教室の中からご紹介させて頂いておりますので、必ずしも全ての希望条件に沿ったご紹介ができない場合がございます。あらかじめご了承ください。,8997,8,2680
3203443,個人情報が心配です。申込フォームに名前や所在地、電話番号を全て記入しなければいけませんか？,"個人情報保護法に基づき、慎重に取り扱い致します。ご連絡先は仲介スタッフからご連絡させて頂く際に必要となり、またご希望の先生へご紹介する際に必要になります。スムーズにご紹介させて頂く為にもご協力をお願いいたします。

個人情報保護方針
http://www.piano.or.jp/info/homepage/privacy/",8998,8,2681
3203444,急いで先生を探したいのですが、どの程度時間がかかりますか？,"申込順に仲介スタッフが対応いたします。原則、1週間以内にご連絡を差し上げております。

申込からレッスン開始までの期間は、一般的に2週間程度を要しますので、時間的な余裕を持ってお申込みください。",8999,8,2682
3203445,先生と一度お会いしたのですが、他のルートから先生がみつかりました。キャンセルはできますか？,"キャンセルについて：
◆先生の連絡先を知る前
仲介スタッフまでキャンセルの旨をご連絡ください。

◆先生の連絡先を知った後
先生にお会いする前でも後でも、必ず先生へ直接ご連絡ください。

◆面談後
なるべく２～３日のうちにご連絡ください。",9000,8,2683
3203446,ピティナとは,"ピティナは、全国組織を持つ公益法人であるピアノ・音楽指導者団体です。

詳細
http://www.piano.or.jp/info/about/",9001,8,10621
3203447,ピティナって,"ピティナは、全国組織を持つ公益法人であるピアノ・音楽指導者団体です。

詳細
http://www.piano.or.jp/info/about/",9002,8,10622
3203448,こんにちは,こんにちは,9003,8,2684
3203449,こんばんは,こんばんは,9004,8,2685
3203450,おはよう,おはようございます,9005,8,2686
3203451,入会するとどんな特典がありますか？,"ピティナに入会すると、コンペティションやステップなどの参加料金の割引の他、様々な形でピアノ指導者のレッスン環境をサポートしています。

ピアノ教室紹介事業では、生徒を募集している会員のピアノ教室を、指導者を探している方々に紹介しています。詳しくは会員種別・特典をご覧ください。

 ピティナの主催するコンペティションやステップ、セミナーなどあらゆる活動は、会員により運営されています。各地の支部に所属することで地域の活動の運営に積極的に関わることも可能です。",9006,8,2687
3203452,ピティナに入会するとどんな特典がありますか？,"ピティナに入会すると、コンペティションやステップなどの参加料金の割引の他、様々な形でピアノ指導者のレッスン環境をサポートしています。

ピアノ教室紹介事業では、生徒を募集している会員のピアノ教室を、指導者を探している方々に紹介しています。詳しくは会員種別・特典をご覧ください。

 ピティナの主催するコンペティションやステップ、セミナーなどあらゆる活動は、会員により運営されています。各地の支部に所属することで地域の活動の運営に積極的に関わることも可能です。",9007,8,10666
3203453,入会　特典,"ピティナに入会すると、コンペティションやステップなどの参加料金の割引の他、様々な形でピアノ指導者のレッスン環境をサポートしています。

ピアノ教室紹介事業では、生徒を募集している会員のピアノ教室を、指導者を探している方々に紹介しています。詳しくは会員種別・特典をご覧ください。

 ピティナの主催するコンペティションやステップ、セミナーなどあらゆる活動は、会員により運営されています。各地の支部に所属することで地域の活動の運営に積極的に関わることも可能です。",9008,8,10667
3203454,入会の特典は,"ピティナに入会すると、コンペティションやステップなどの参加料金の割引の他、様々な形でピアノ指導者のレッスン環境をサポートしています。

ピアノ教室紹介事業では、生徒を募集している会員のピアノ教室を、指導者を探している方々に紹介しています。詳しくは会員種別・特典をご覧ください。

 ピティナの主催するコンペティションやステップ、セミナーなどあらゆる活動は、会員により運営されています。各地の支部に所属することで地域の活動の運営に積極的に関わることも可能です。",9009,8,10668
3203455,入会していいことってあるの,"ピティナに入会すると、コンペティションやステップなどの参加料金の割引の他、様々な形でピアノ指導者のレッスン環境をサポートしています。

ピアノ教室紹介事業では、生徒を募集している会員のピアノ教室を、指導者を探している方々に紹介しています。詳しくは会員種別・特典をご覧ください。

 ピティナの主催するコンペティションやステップ、セミナーなどあらゆる活動は、会員により運営されています。各地の支部に所属することで地域の活動の運営に積極的に関わることも可能です。",9010,8,10669
3203456,入会,"オンライン入会
https://www.piano.or.jp/member_entry/member_entry_step0_1.php

入会申込書のご請求
http://www.piano.or.jp/info/member/memberentry.html",9011,8,2688
3203457,ピティナ入会,"オンライン入会
https://www.piano.or.jp/member_entry/member_entry_step0_1.php

入会申込書のご請求
http://www.piano.or.jp/info/member/memberentry.html",9012,8,10671
3203458,ピティナ　入会,"オンライン入会
https://www.piano.or.jp/member_entry/member_entry_step0_1.php

入会申込書のご請求
http://www.piano.or.jp/info/member/memberentry.html",9013,8,10672
3203459,ピティナに入会したい,"オンライン入会
https://www.piano.or.jp/member_entry/member_entry_step0_1.php

入会申込書のご請求
http://www.piano.or.jp/info/member/memberentry.html",9014,8,10673
3203460,入会したい,"オンライン入会
https://www.piano.or.jp/member_entry/member_entry_step0_1.php

入会申込書のご請求
http://www.piano.or.jp/info/member/memberentry.html",9015,8,10674
3203461,キャンセルしたいです,"キャンセルについて：
◆先生の連絡先を知る前
仲介スタッフまでキャンセルの旨をご連絡ください。

◆先生の連絡先を知った後
先生にお会いする前でも後でも、必ず先生へ直接ご連絡ください。

◆面談後
なるべく２～３日のうちにご連絡ください。",9016,8,10659
3203462,どれくらいで紹介してもらえますか,"申込順に仲介スタッフが対応いたします。原則、1週間以内にご連絡を差し上げております。

申込からレッスン開始までの期間は、一般的に2週間程度を要しますので、時間的な余裕を持ってお申込みください。",9017,8,10657
3203463,個人情報について,"個人情報保護法に基づき、慎重に取り扱い致します。ご連絡先は仲介スタッフからご連絡させて頂く際に必要となり、またご希望の先生へご紹介する際に必要になります。スムーズにご紹介させて頂く為にもご協力をお願いいたします。

個人情報保護方針
http://www.piano.or.jp/info/homepage/privacy/",9018,8,10655
3203464,レッスン料金がわからない,レッスン料金や曜日などの情報は、申告内容に沿って掲載しています。掲載されていない情報に関してご要望がある場合は、申込フォームの要望欄へご記入ください。,9019,8,10648
3203465,レッスン料金は,レッスン料金や曜日などの情報は、申告内容に沿って掲載しています。掲載されていない情報に関してご要望がある場合は、申込フォームの要望欄へご記入ください。,9020,8,10649
3203466,入会金を知りたい,"《入会金》
正会員
10,000円

指導会員・演奏会員・研究会員・作曲会員・支持会員・学生会員	
3,000円

グランミューズ会員
1,000円


《年会費》
正会員
12,000円

指導会員・演奏会員・研究会員・作曲会員・支持会員・学生会員
6,000円

グランミューズ会員
3,600円",9021,8,2689
3203467,年会費,"《入会金》
正会員
10,000円

指導会員・演奏会員・研究会員・作曲会員・支持会員・学生会員	
3,000円

グランミューズ会員
1,000円


《年会費》
正会員
12,000円

指導会員・演奏会員・研究会員・作曲会員・支持会員・学生会員
6,000円

グランミューズ会員
3,600円",9022,8,10675
3203468,年会費は,"《入会金》
正会員
10,000円

指導会員・演奏会員・研究会員・作曲会員・支持会員・学生会員	
3,000円

グランミューズ会員
1,000円


《年会費》
正会員
12,000円

指導会員・演奏会員・研究会員・作曲会員・支持会員・学生会員
6,000円

グランミューズ会員
3,600円",9023,8,10676
3203469,年会費教えて,"《入会金》
正会員
10,000円

指導会員・演奏会員・研究会員・作曲会員・支持会員・学生会員	
3,000円

グランミューズ会員
1,000円


《年会費》
正会員
12,000円

指導会員・演奏会員・研究会員・作曲会員・支持会員・学生会員
6,000円

グランミューズ会員
3,600円",9024,8,10677
3203470,入会金教えて,"《入会金》
正会員
10,000円

指導会員・演奏会員・研究会員・作曲会員・支持会員・学生会員	
3,000円

グランミューズ会員
1,000円


《年会費》
正会員
12,000円

指導会員・演奏会員・研究会員・作曲会員・支持会員・学生会員
6,000円

グランミューズ会員
3,600円",9025,8,10678
3203471,入会金は,"《入会金》
正会員
10,000円

指導会員・演奏会員・研究会員・作曲会員・支持会員・学生会員	
3,000円

グランミューズ会員
1,000円


《年会費》
正会員
12,000円

指導会員・演奏会員・研究会員・作曲会員・支持会員・学生会員
6,000円

グランミューズ会員
3,600円",9026,8,10679
3203472,入会時期によって年会費の支払い額は変わりますか？,"初年度年会費の支払額が、入会時期によって変わることはありません。

年度途中で入会される場合、まず1年分の年会費を先に頂戴し、次年度の更新のご案内を差し上げる際に、超過分を差し引いた金額で調整し、ご請求させて頂きます。",9027,8,2690
3203473,入会時期　年会費,"初年度年会費の支払額が、入会時期によって変わることはありません。

年度途中で入会される場合、まず1年分の年会費を先に頂戴し、次年度の更新のご案内を差し上げる際に、超過分を差し引いた金額で調整し、ご請求させて頂きます。",9028,8,10681
3203474,入会する時期　年会費　変わる,"初年度年会費の支払額が、入会時期によって変わることはありません。

年度途中で入会される場合、まず1年分の年会費を先に頂戴し、次年度の更新のご案内を差し上げる際に、超過分を差し引いた金額で調整し、ご請求させて頂きます。",9029,8,10682
3203475,入会資格、入会審査はありますか？,"入会資格・審査について、正会員以外は特にありません。

正会員については、当協会理事会による審査がございます。
申請には正会員推薦書の提出が必要です。本部事務局までお問合せください。

正会員への承認基準
http://www.piano.or.jp/info/member/date.html#detail

そのほかの会員種別については審査は必要ありません。どなたでもご入会頂けます。
ただし、小学生以下のお子さまはご入会できません。保護者の方が家族会員としてご入会ください。
また、中学生以上の学生の方は、学生会員としてご入会頂けます。家族会員から学生会員への名義移行をご希望の場合は本部事務局までお問合せください。",9030,8,2691
3203476,入会資格,"入会資格・審査について、正会員以外は特にありません。

正会員については、当協会理事会による審査がございます。
申請には正会員推薦書の提出が必要です。本部事務局までお問合せください。

正会員への承認基準
http://www.piano.or.jp/info/member/date.html#detail

そのほかの会員種別については審査は必要ありません。どなたでもご入会頂けます。
ただし、小学生以下のお子さまはご入会できません。保護者の方が家族会員としてご入会ください。
また、中学生以上の学生の方は、学生会員としてご入会頂けます。家族会員から学生会員への名義移行をご希望の場合は本部事務局までお問合せください。",9031,8,10683
3203477,希望条件に合う先生がいない,登録教室の中からご紹介させて頂いておりますので、必ずしも全ての希望条件に沿ったご紹介ができない場合がございます。あらかじめご了承ください。,9032,8,10653
3203478,おはようございます,おはようございます,9033,8,10665
3203479,こんにちわ,こんにちは,9034,8,10663
3203480,こんばんわ,こんばんは,9035,8,10664
3203481,入会の特典,"ピティナに入会すると、コンペティションやステップなどの参加料金の割引の他、様々な形でピアノ指導者のレッスン環境をサポートしています。

ピアノ教室紹介事業では、生徒を募集している会員のピアノ教室を、指導者を探している方々に紹介しています。詳しくは会員種別・特典をご覧ください。

 ピティナの主催するコンペティションやステップ、セミナーなどあらゆる活動は、会員により運営されています。各地の支部に所属することで地域の活動の運営に積極的に関わることも可能です。",9036,8,10670
3203482,入会金,"《入会金》
正会員
10,000円

指導会員・演奏会員・研究会員・作曲会員・支持会員・学生会員	
3,000円

グランミューズ会員
1,000円


《年会費》
正会員
12,000円

指導会員・演奏会員・研究会員・作曲会員・支持会員・学生会員
6,000円

グランミューズ会員
3,600円",9037,8,10680
3203483,レッスン料金,レッスン料金や曜日などの情報は、申告内容に沿って掲載しています。掲載されていない情報に関してご要望がある場合は、申込フォームの要望欄へご記入ください。,9038,8,10650
3203484,レッスンの曜日はいつ,レッスン料金や曜日などの情報は、申告内容に沿って掲載しています。掲載されていない情報に関してご要望がある場合は、申込フォームの要望欄へご記入ください。,9039,8,10651
3203485,ピアノがなくても大丈夫ですか？,お申込時点でピアノをご家庭にお持ちでなくても、基本は問題ありません。ただ、先生によって方針が異なるところでもありますので、お申込後に個別お話しさせていただきます。,9040,8,2692
3203486,ピアノを持ってないですけれどいいですか？,お申込時点でピアノをご家庭にお持ちでなくても、基本は問題ありません。ただ、先生によって方針が異なるところでもありますので、お申込後に個別お話しさせていただきます。,9041,8,10684
3203487,ピアノ持ってないけどだいじょうぶ？,お申込時点でピアノをご家庭にお持ちでなくても、基本は問題ありません。ただ、先生によって方針が異なるところでもありますので、お申込後に個別お話しさせていただきます。,9042,8,10685
3203488,先生の年齢を指定することはできますか？,先生の年齢指定は、基本的にお受けしていませんが、レッスンを受けられる方が年少者の場合に限り個別にご相談に応じます。,9043,8,2694
3203489,期間を限定してレッスンを受けたいのですが。,期間限定のレッスンについては、お申込時にご要望欄へお書き添えください。個別にご相談に応じます。,9044,8,2695
3203490,伴奏を依頼できますか？,"伴奏者をお探しの場合は以下より承ります。

伴奏者紹介
http://www.piano.or.jp/concert/accompaniment/",9045,8,2696
3203491,特定の音楽大学に勤務している先生を紹介して頂きたいのですが。,音大勤務の指定については、お申込時にご要望欄へ記入ください。個別にご相談に応じます。,9046,8,2697
3203492,先生の卒業大学を指定することはできますか？,卒業／出身大学の指定については、お申込時にご要望欄へ記入ください。個別にご相談に応じます。,9047,8,2698
3203493,１曲だけのレッスンも可能ですか？,１曲だけのレッスンも、先生によっては可能です。お申込時にご要望欄へ具体的な曲名を記入ください。,9048,8,2699
3203494,海外の先生を紹介して貰えますか？,"以下に掲載されている海外の先生でしたら、ご紹介可能です。

http://www.piano.or.jp/teacher/findteacher/kaigai/",9049,8,2700
3203495,保育士受験対策のレッスンを希望します。,保育士受験対策については、リストの「絞込検索」機能をご利用頂くと、対応可能な先生が表示されます。その上で、お申込時にその旨をご要望欄へ記入ください。,9050,8,2701
3203496,Skypeレッスンをしている教室はありますか？,"Skypeをはじめとするリモートレッスン可能な教室については、以下をご参照ください。

http://www.piano.or.jp/teacher/findteacher/pref/48skype/",9051,8,2702
3203497,卓上キーボードだけしか持っていなくても大丈夫ですか？,卓上キーボードについては、はじめのうちは問題ありませんが、演奏曲やレベルに応じて、特に鍵盤数や打鍵感などに不足が生じる可能性があります。,9052,8,2703
3203498,半年後からレッスンを始めたいのですが、今から申し込んでも良いですか？,いつからのレッスン開始でも申込は可能です。いつから習い始めたいかについては、具体的な開始希望月をお申込時にその旨をご要望欄へ記入ください。,9053,8,2704
3203499,まだ申込むかどうか決めていないのですが、近いかどうかが知りたいです。,個人情報保護法により、利用規約に同意いただいていない方に先生の情報をお伝えすることができませんので、まずはお申込ください。一切の料金はかかりませんので、お気兼ねなくお申込ください。,9054,8,2705
3203500,習うかどうか？　続くかどうかわかりませんから、自宅に楽器がありません。,お申込時点でピアノをご家庭にお持ちでなくても、基本は問題ありません。ただ、先生によって方針が異なるところでもありますので、お申込後に個別お話しさせていただきます。,9055,8,10686
3203501,体験レッスンは無料ですか？,基本的には体験レッスンも有料とお考えいただければと思いますが、先生によっては無料でおこなってくださるところもあります。お申込後に個別にご確認ください。,9056,8,2706
3203502,ピアノを習うのは、何年齢からが良いですか？,"一般に、ピアノを習うのは早ければ早いほどいい、と言われますが、個人差がありますので、少なくともその子がピアノの前に集中して座ることのできるようになってからが良いと考えられます。

もちろん、ピアノを習うことによって落ち着きが出てくる、ということもありますので、一概にこの年齢、と断言することは難しい問題です。",9057,8,2708
3203503,紹介後、先生にお電話するのはどんなお時間が良いですか？　日中は仕事のため電話ができません。,"先生方もレッスン中はお電話にお出になることが難しいので、平日の午前中か夜8時以降がよろしいかと思います。

先生によっては夜10時以降がゆっくり話せて良い、と言われることもありますが、初めてのところにお電話するのに、夜9時以降はお電話しづらいと思いますので、まずは夜8時以降をお薦めしています。",9058,8,2709
3203504,先生に電話する時間帯,"先生方もレッスン中はお電話にお出になることが難しいので、平日の午前中か夜8時以降がよろしいかと思います。

先生によっては夜10時以降がゆっくり話せて良い、と言われることもありますが、初めてのところにお電話するのに、夜9時以降はお電話しづらいと思いますので、まずは夜8時以降をお薦めしています。",9059,8,10715
3203505,ピアノを習う年齢,"一般に、ピアノを習うのは早ければ早いほどいい、と言われますが、個人差がありますので、少なくともその子がピアノの前に集中して座ることのできるようになってからが良いと考えられます。

もちろん、ピアノを習うことによって落ち着きが出てくる、ということもありますので、一概にこの年齢、と断言することは難しい問題です。",9060,8,10711
3203506,体験レッスンの料金,基本的には体験レッスンも有料とお考えいただければと思いますが、先生によっては無料でおこなってくださるところもあります。お申込後に個別にご確認ください。,9061,8,10709
3203507,無言,無言は悲しいです。何かおっしゃってください。,9062,8,2710
3203508,先生への電話は何時がいいですか,"先生方もレッスン中はお電話にお出になることが難しいので、平日の午前中か夜8時以降がよろしいかと思います。

先生によっては夜10時以降がゆっくり話せて良い、と言われることもありますが、初めてのところにお電話するのに、夜9時以降はお電話しづらいと思いますので、まずは夜8時以降をお薦めしています。",9063,8,10716
3203509,ピアノ習う　何年齢から,"一般に、ピアノを習うのは早ければ早いほどいい、と言われますが、個人差がありますので、少なくともその子がピアノの前に集中して座ることのできるようになってからが良いと考えられます。

もちろん、ピアノを習うことによって落ち着きが出てくる、ということもありますので、一概にこの年齢、と断言することは難しい問題です。",9064,8,10712
3203510,体験レッスンにお金かかりますか,基本的には体験レッスンも有料とお考えいただければと思いますが、先生によっては無料でおこなってくださるところもあります。お申込後に個別にご確認ください。,9065,8,10710
3203511,家に楽器ありません,お申込時点でピアノをご家庭にお持ちでなくても、基本は問題ありません。ただ、先生によって方針が異なるところでもありますので、お申込後に個別お話しさせていただきます。,9066,8,10687
3203512,近い先生を知りたい,個人情報保護法により、利用規約に同意いただいていない方に先生の情報をお伝えすることができませんので、まずはお申込ください。一切の料金はかかりませんので、お気兼ねなくお申込ください。,9067,8,10707
3203513,レッスン開始は後でもいいですか,いつからのレッスン開始でも申込は可能です。いつから習い始めたいかについては、具体的な開始希望月をお申込時にその旨をご要望欄へ記入ください。,9068,8,10706
3203514,キーボードしかない,卓上キーボードについては、はじめのうちは問題ありませんが、演奏曲やレベルに応じて、特に鍵盤数や打鍵感などに不足が生じる可能性があります。,9069,8,10705
3203515,リモートレッスン,"Skypeをはじめとするリモートレッスン可能な教室については、以下をご参照ください。

http://www.piano.or.jp/teacher/findteacher/pref/48skype/",9070,8,10704
3203516,海外の先生,"以下に掲載されている海外の先生でしたら、ご紹介可能です。

http://www.piano.or.jp/teacher/findteacher/kaigai/",9071,8,10703
3203517,一曲だけのレッスン,１曲だけのレッスンも、先生によっては可能です。お申込時にご要望欄へ具体的な曲名を記入ください。,9072,8,10702
3203518,音大の先生に習いたい,音大勤務の指定については、お申込時にご要望欄へ記入ください。個別にご相談に応じます。,9073,8,10695
3203519,音楽大学,音大勤務の指定については、お申込時にご要望欄へ記入ください。個別にご相談に応じます。,9074,8,10696
3203520,伴奏者,"伴奏者をお探しの場合は以下より承ります。

伴奏者紹介
http://www.piano.or.jp/concert/accompaniment/",9075,8,10693
3203521,伴奏をして欲しい,"伴奏者をお探しの場合は以下より承ります。

伴奏者紹介
http://www.piano.or.jp/concert/accompaniment/",9076,8,10694
3203522,期間限定のレッスン,期間限定のレッスンについては、お申込時にご要望欄へお書き添えください。個別にご相談に応じます。,9077,8,10691
3203523,特定の期間だけレッスンして欲しい,期間限定のレッスンについては、お申込時にご要望欄へお書き添えください。個別にご相談に応じます。,9078,8,10692
3203524,先生の年齢,先生の年齢指定は、基本的にお受けしていませんが、レッスンを受けられる方が年少者の場合に限り個別にご相談に応じます。,9079,8,10689
3203525,若い先生に習いたい,先生の年齢指定は、基本的にお受けしていませんが、レッスンを受けられる方が年少者の場合に限り個別にご相談に応じます。,9080,8,10690
3203526,ピアノ持ってない,お申込時点でピアノをご家庭にお持ちでなくても、基本は問題ありません。ただ、先生によって方針が異なるところでもありますので、お申込後に個別お話しさせていただきます。,9081,8,10688
3203527,キャンセルしたい,"キャンセルについて：
◆先生の連絡先を知る前
仲介スタッフまでキャンセルの旨をご連絡ください。

◆先生の連絡先を知った後
先生にお会いする前でも後でも、必ず先生へ直接ご連絡ください。

◆面談後
なるべく２～３日のうちにご連絡ください。",9082,8,10660
3203528,急いで探してる,"申込順に仲介スタッフが対応いたします。原則、1週間以内にご連絡を差し上げております。

申込からレッスン開始までの期間は、一般的に2週間程度を要しますので、時間的な余裕を持ってお申込みください。",9083,8,10658
3203529,先生　見つからない,登録教室の中からご紹介させて頂いておりますので、必ずしも全ての希望条件に沿ったご紹介ができない場合がございます。あらかじめご了承ください。,9084,8,10654
3203530,同時に申込できますか,"一度にお一人ずつ先生をご紹介致しますので、まずは第一希望の先生を決めてお申し込み下さい。

不明点や要望がありましたら、申込フォームの要望欄にご記入ください。",9085,8,10640
3203531,月謝を知りたい,"月謝額・入会金に決まりはありません。

個人教室が登録されており、月謝額・欠席時の規則・振替レッスン等は教室によって異なります。レッスンを開始する前に先生へよくご確認ください。

なお、ご紹介成立後にやめられる場合や、月謝料の調整などについては仲介致しかねますのでご了承下さい。",9086,8,10636
3203532,先生の登録基準,"ピティナ正会員、指導会員 演奏会員等のうち、掲載希望を頂いている方のみ登録しております。掲載にあたっては、特に審査等はございません。

会員種別について
http://www.piano.or.jp/info/member/date.html",9087,8,10629
3203533,保育士の実技試験が間近に迫っています。短期でのレッスンをしてくださる先生を探せますか？,保育士実技試験に向けての短期レッスンは、ご希望の先生のお教室の空き状況やご都合にもよりますが、なるべく早くレッスンができるように、先生探しのお手伝いをさせていただきます。お申込時に、その旨を、実技試験日と課題曲等とともに、ご要望欄へ記入ください。,9088,8,2741
3203534,スッテっプに参加したい,"ピティナの他事業については以下をご覧ください。

コンペティション
http://www.piano.or.jp/compe/

ステップ
http://www.piano.or.jp/step/

セミナー
http://www.piano.or.jp/seminar/

ピアノ曲事典
http://www.piano.or.jp/enc/

※他にも多数の事業をおこなっています。",9089,8,2742
3203535,元気ですか？,おおむね元気です。,9090,8,2743
3203536,うちの子供は2年齢です。ピアノを始めるにはまだ早いでしょうか？,"一般に、ピアノを習うのは早ければ早いほどいい、と言われますが、個人差がありますので、少なくともその子がピアノの前に集中して座ることのできるようになってからが良いと考えられます。

もちろん、ピアノを習うことによって落ち着きが出てくる、ということもありますので、一概にこの年齢、と断言することは難しい問題です。",9091,8,10713
3203537,ピアノ　何年齢から,"一般に、ピアノを習うのは早ければ早いほどいい、と言われますが、個人差がありますので、少なくともその子がピアノの前に集中して座ることのできるようになってからが良いと考えられます。

もちろん、ピアノを習うことによって落ち着きが出てくる、ということもありますので、一概にこの年齢、と断言することは難しい問題です。",9092,8,10714
3203538,所在地・氏名など書きたくないのですが。,"個人情報保護法に基づき、慎重に取り扱い致します。ご連絡先は仲介スタッフからご連絡させて頂く際に必要となり、またご希望の先生へご紹介する際に必要になります。スムーズにご紹介させて頂く為にもご協力をお願いいたします。

個人情報保護方針
http://www.piano.or.jp/info/homepage/privacy/",9093,8,10656
3203539,紹介料は払うのですか？,教室紹介は仲介無料です。ピティナへのお支払いは生じません。習うことになったら、先生に直接レッスン代をお支払いください。,9094,8,10633
3203540,入会金はありますか？,"月謝額・入会金に決まりはありません。

個人教室が登録されており、月謝額・欠席時の規則・振替レッスン等は教室によって異なります。レッスンを開始する前に先生へよくご確認ください。

なお、ご紹介成立後にやめられる場合や、月謝料の調整などについては仲介致しかねますのでご了承下さい。",9095,8,10637
3203541,国立音大の先生を探しているのですが。,音大勤務の指定については、お申込時にご要望欄へ記入ください。個別にご相談に応じます。,9096,8,10697
3203542,大人で初めてでも大丈夫ですか？,"大人の初めての方や成人男性でもお申込いただけます。
教室・先生によって、得意とするところがそれぞれありますので、教室の詳細情報をご確認の上、まずはお申込ください。",9097,8,2745
3203543,成人男性も教えてもらえますか？,"大人の初めての方や成人男性でもお申込いただけます。
教室・先生によって、得意とするところがそれぞれありますので、教室の詳細情報をご確認の上、まずはお申込ください。",9098,8,10719
3203544,先生の出身校を教えてもらえますか？,個人情報保護法に基づき、先生ご本人の了解を頂いた上で、レッスンを希望される方のみにお伝えしています。,9099,8,10645
3203545,近所の先生を紹介してくれますか？,個人情報保護法により、利用規約に同意いただいていない方に先生の情報をお伝えすることができませんので、まずはお申込ください。一切の料金はかかりませんので、お気兼ねなくお申込ください。,9100,8,10708
3203546,あなたはお若いですね。紹介担当者は何年齢くらいですか？,紹介担当者は40代から60代のスタッフが対応しています。,9101,8,2746
3203547,優しい先生が良いのですが。,要望がありましたら、申込フォームの要望欄にご記入ください。,9102,8,2747
3203548,ヤマハのグレードをとりたいのですが。,指導対象に「グレード試験対策」を登録している教室へお申込ください。詳細検索により、登録されている教室を絞込むこともできます。,9103,8,2748
3203549,ジャズピアノを習いたいです。,ジャンルに「ジャズ」を登録している教室へお申込ください。詳細検索により、登録されている教室を絞込むこともできます。,9104,8,2749
3203550,ポピュラーを習いたいです。,ジャンルに「ポピュラー」を登録している教室へお申込ください。詳細検索により、登録されている教室を絞込むこともできます。,9105,8,2750
3203551,ジャズを教えて欲しい,ジャンルに「ジャズ」を登録している教室へお申込ください。詳細検索により、登録されている教室を絞込むこともできます。,9106,8,10722
3203552,ポップスを教えて欲しい,ジャンルに「ポピュラー」を登録している教室へお申込ください。詳細検索により、登録されている教室を絞込むこともできます。,9107,8,10726
3203553,ポップスを習いたい,ジャンルに「ポピュラー」を登録している教室へお申込ください。詳細検索により、登録されている教室を絞込むこともできます。,9108,8,10727
3203554,ポピュラーを弾けるようになりたい,ジャンルに「ポピュラー」を登録している教室へお申込ください。詳細検索により、登録されている教室を絞込むこともできます。,9109,8,10728
3203555,ポピュラーを弾きたい,ジャンルに「ポピュラー」を登録している教室へお申込ください。詳細検索により、登録されている教室を絞込むこともできます。,9110,8,10729
3203556,ジャズを弾きたい,ジャンルに「ジャズ」を登録している教室へお申込ください。詳細検索により、登録されている教室を絞込むこともできます。,9111,8,10723
3203557,popsを教えて欲しい,ジャンルに「ポピュラー」を登録している教室へお申込ください。詳細検索により、登録されている教室を絞込むこともできます。,9112,8,10730
3203558,jazzを習いたい,ジャンルに「ジャズ」を登録している教室へお申込ください。詳細検索により、登録されている教室を絞込むこともできます。,9113,8,10724
3203559,ジャズを教えてくれる先生,ジャンルに「ジャズ」を登録している教室へお申込ください。詳細検索により、登録されている教室を絞込むこともできます。,9114,8,10725
3203560,ポピュラーを教えてくれる先生,ジャンルに「ポピュラー」を登録している教室へお申込ください。詳細検索により、登録されている教室を絞込むこともできます。,9115,8,10731
3203561,ptnaとは,"ピティナは、全国組織を持つ公益法人であるピアノ・音楽指導者団体です。

詳細
http://www.piano.or.jp/info/about/",9116,8,10623
3203562,男性初心者ですが、ピアノの先生を紹介いただけますか？,"大人の初めての方や成人男性でもお申込いただけます。
教室・先生によって、得意とするところがそれぞれありますので、教室の詳細情報をご確認の上、まずはお申込ください。",9117,8,10720
3203563,コンクールに出たいのですが,"ピティナの他事業については以下をご覧ください。

コンペティション
http://www.piano.or.jp/compe/

ステップ
http://www.piano.or.jp/step/

セミナー
http://www.piano.or.jp/seminar/

ピアノ曲事典
http://www.piano.or.jp/enc/

※他にも多数の事業をおこなっています。",9118,8,10717
3203564,ヤマハのグレードの受験指導をしてくれる先生,指導対象に「グレード試験対策」を登録している教室へお申込ください。詳細検索により、登録されている教室を絞込むこともできます。,9119,8,10721
3203565,先生を紹介して欲しい,まずはエリアを中心として、お申込されたい先生をお選びください。,9381,8,4066
3203566,芸大受験を考えているのですが,音大勤務の指定については、お申込時にご要望欄へ記入ください。個別にご相談に応じます。,9382,8,10698
3203567,音大受験を考えているのですが,音大勤務の指定については、お申込時にご要望欄へ記入ください。個別にご相談に応じます。,9383,8,10699
3203568,発表会の有る先生に習いたいのですが,各教室の詳細ページ内に、「発表会開催の有無」という欄がありますので、そちらをご参照ください。,9384,8,4067
3203569,コンペ,"ピティナの他事業については以下をご覧ください。

コンペティション
http://www.piano.or.jp/compe/

ステップ
http://www.piano.or.jp/step/

セミナー
http://www.piano.or.jp/seminar/

ピアノ曲事典
http://www.piano.or.jp/enc/

※他にも多数の事業をおこなっています。",9385,8,10718
3203570,男の先生,教室の一覧に性別が表示されていますので、そちらをご参照ください。,9386,8,4068
3203571,有名な先生,"教室の一覧において教室名・氏名を公開されている教室もありますので、そちらをご参照ください。

また、各教室の指標として、「指導者賞受賞」や「コンペ指導経験」などがありますので、そちらもあわせてご確認ください。",9387,8,4069
3203572,教室が掲載されません,"教室紹介へ希望の方は、マイページへログインして教室掲載希望の設定をおこなってください。

ピティナ・マイページ
https://www.piano.or.jp/mypage/

教室運営中の先生へ
http://www.piano.or.jp/teacher/howto/forteacher.html",9397,8,4073
3203573,はろー,Hello,9723,8,4310
3203574,ありがとうございました,こちらこそご利用いただきありがとうございました。,9724,8,4311
3203575,もういいです,お役に立てずにすみません。,9725,8,4312
3203576,ピアノを習いたいです,どうぞピティナ・ピアノ教室紹介でご希望の先生を見つけてください。,9726,8,4313
3203577,ピアノを習いたい,どうぞピティナ・ピアノ教室紹介でご希望の先生を見つけてください。,9727,8,10860
3203578,申し込んだ先生より近くの先生がいたらそちらを紹介してくれますか？,お申込の教室よりさらにお近くの教室があるかどうか、必ずしもご期待に添えられるとは限りませんが、ご相談に応じることは可能です。,10237,8,4630
3203579,レッスン中に親は不在にしていいのか,"レッスン中、親御様の不在については、教室・先生の方針によってご了解いただける場合もあります。

特に、小さいお子様の場合、一人でレッスンをお受けになれるかどうかにもよりますので先生とのご相談となります。",10238,8,4631
3203580,出張レッスンを受ける際のマナー,"出張レッスンのマナーについては、以下の点をご留意ください。

・先生にお越しいただく時間には、必ずご在宅ください。
・レッスンで使用する楽器について、お整えください。",10239,8,4632
3203581,振替レッスンをしている先生を希望したいのですが。,"振替レッスンについては、定期レッスンで生徒さん側のご都合であれば、基本的には無いものとお考えください。
先生のご都合による場合は、その都度、ご相談させていただくことになるかと思います。

教室・先生によっては相談次第ということになりますので、体験レッスン時にご確認ください。",10240,8,4633
3203582,コンペ・スッテっプのご指導を受けられる先生を紹介してもらえますか？,コンペ・ステップの指導希望については、お申込時にご要望欄へ記入ください。個別にご相談に応じます。,10241,8,4634
3203583,毎週同じ時間に、習うことができないのですが,"毎週同じ曜日／時間に習うことができない場合、「ワンレッスン制」をご検討ください。

小さなお子様の場合、週に１回のペースでのレッスンが基本であり、理想的ですが、大人の場合は「ワンレッスン制」でのご指導をお願いできる先生もいます。

先生と相談しながら1回ずつのレッスンをお願いする「ワンレッスン制」希望の旨を、お申込時にご要望欄へ記入ください。個別にご相談に応じます。",10242,8,4635
3203584,毎回違う曜日時間にレッスンをお願することはできますか？,"毎週同じ曜日／時間に習うことができない場合、「ワンレッスン制」をご検討ください。

小さなお子様の場合、週に１回のペースでのレッスンが基本であり、理想的ですが、大人の場合は「ワンレッスン制」でのご指導をお願いできる先生もいます。

先生と相談しながら1回ずつのレッスンをお願いする「ワンレッスン制」希望の旨を、お申込時にご要望欄へ記入ください。個別にご相談に応じます。",10244,8,10863
3203585,ステーションとは,"ピティナの組織関連の情報については協会概要をご参照ください。

協会概要
http://www.piano.or.jp/info/about/

支部・ステーション
http://www.piano.or.jp/info/about/organization/branch.html""",10832,8,4641
3203586,出張ピアノ講師を探しています。,出張レッスンを希望できる教室・先生を探したい場合は、「絞り込み検索」の「レッスン形態」から、「出張レッスン」をチェックして検索してください。,10833,8,4642
3203587,出張レッスン,出張レッスンを希望できる教室・先生を探したい場合は、「絞り込み検索」の「レッスン形態」から、「出張レッスン」をチェックして検索してください。,10834,8,11759
3203588,先生の出身大学は,卒業／出身大学の指定については、お申込時にご要望欄へ記入ください。個別にご相談に応じます。,10835,8,10701
3203589,ピティナ正会員とは何ですか,"ピティナ会員については以下URLをご参照ください。

活動内容
http://www.piano.or.jp/info/member/

会員種別
http://www.piano.or.jp/info/member/date.html",10837,8,4643
3203590,もう少し詳しい所在地を知りたいです,個人情報保護法に基づき、先生ご本人の了解を頂いた上で、レッスンを希望される方のみにお伝えしています。,10838,8,10646
3203591,発表会は別料金が発生しますか？,"発表会の実施有無や、発表会参加時に別料金がかかるかどうかは、各教室によって様々異なります。

気になるようでしたら、お申込時にご要望欄へご質問ご記入ください。",10872,8,4674
3203592,写真をかえたい,"掲載中のお写真の変更につきましては、変更後のお写真を、以下メールアドレス宛てに添付ファイルとして送信してください。

member@piano.or.jp",10873,8,4675
3203593,写真をかえるにはどうしたらいいですか？,"掲載中のお写真の変更につきましては、変更後のお写真を、以下メールアドレス宛てに添付ファイルとして送信してください。

member@piano.or.jp",10874,8,11768
3203594,写真の入れ替えをするにはどうしたら良いですか？,"掲載中のお写真の変更につきましては、変更後のお写真を、以下メールアドレス宛てに添付ファイルとして送信してください。

member@piano.or.jp",10875,8,11769
3203595,１７年齢ですが自分でレッスン料を払うので紹介してほしいのですが,申込者が17歳以下の場合、親権者の同意が得られていればお申込いただけます。,10877,8,4676
3203596,17年齢以下でも申し込めますか？,申込者が17歳以下の場合、親権者の同意が得られていればお申込いただけます。,10878,8,11770
3203597,女の先生,教室の一覧に性別が表示されていますので、そちらをご参照ください。,11194,8,10796
3203598,男の先生に習いたい,教室の一覧に性別が表示されていますので、そちらをご参照ください。,11198,8,10800
3203599,女の先生に習いたい,教室の一覧に性別が表示されていますので、そちらをご参照ください。,11199,8,10801
3203600,先生は全員音大卒ですか？,個人情報保護法に基づき、先生ご本人の了解を頂いた上で、レッスンを希望される方のみにお伝えしています。,11202,8,10647
3203601,見学はできますか？,見学については、先生／教室の方針（見学される側の生徒さんの都合）によりますので、見学のみ希望の方も、まずは通常通りお申込ください。その上で、見学希望の旨を、ご要望欄へ記入ください。,11203,8,4840
3203602,他の教室からかわりたい,まずはエリアを中心として、お申込されたい先生をお選びください。,11206,8,10794
3203603,料金記載のない場合は、どのようにしたらいいですか？,"料金記載のない先生／教室の場合、お申込後に、紹介スタッフが回答可能な範囲において回答させていただきます。

ただし、一切情報を公開されていないところもありますので、その場合は、直接体験レッスン時にお伺いいただくこととなります。",11209,8,4842
3203604,面談後の返事はいつまでにすれば良いですか？,面談後のお返事は、なるべく２～３日のうちにお願いいたします。,11210,8,4843
3203605,キャンセルなどの返事は面談後何日以内にすればよろしいでしょうか,"キャンセルについて：
◆先生の連絡先を知る前
仲介スタッフまでキャンセルの旨をご連絡ください。

◆先生の連絡先を知った後
先生にお会いする前でも後でも、必ず先生へ直接ご連絡ください。

◆面談後
なるべく２～３日のうちにご連絡ください。",11211,8,10661
3203606,料金が詳細に記載のないところがあります。,"料金記載のない先生／教室の場合、お申込後に、紹介スタッフが回答可能な範囲において回答させていただきます。

ただし、一切情報を公開されていないところもありますので、その場合は、直接体験レッスン時にお伺いいただくこととなります。",11214,8,12442
3203607,先生に支払いう料金記載のない場合は、どのようにしたらいいですか？,"料金記載のない先生／教室の場合、お申込後に、紹介スタッフが回答可能な範囲において回答させていただきます。

ただし、一切情報を公開されていないところもありますので、その場合は、直接体験レッスン時にお伺いいただくこととなります。",11215,8,12443
3203608,間違えて申し込んでしまった,"キャンセルについて：
◆先生の連絡先を知る前
仲介スタッフまでキャンセルの旨をご連絡ください。

◆先生の連絡先を知った後
先生にお会いする前でも後でも、必ず先生へ直接ご連絡ください。

◆面談後
なるべく２～３日のうちにご連絡ください。",11218,8,10662
3203609,駐車場,駐車場の有無については、先生／教室の詳細ページに掲載されています。,11219,8,4846
3203610,料金、曜日、時間を知りたいけど,レッスン料金や曜日などの情報は、申告内容に沿って掲載しています。掲載されていない情報に関してご要望がある場合は、申込フォームの要望欄へご記入ください。,11221,8,10652
3203611,載っている順番はどういう順番ですか,先生／教室の掲載順については、ピティナでの活躍度合を数値化し、それに基づいた順番にて掲載されています。,11224,8,4847
3203612,男,教室の一覧に性別が表示されていますので、そちらをご参照ください。,12359,8,10803
3203613,申込フォームを記入すれば、近くの教室をいくつか紹介してもらえるのですか？,"一度にお一人ずつ先生をご紹介致しますので、まずは第一希望の先生を決めてお申し込み下さい。

不明点や要望がありましたら、申込フォームの要望欄にご記入ください。",12361,8,10641
3203614,どうやったら教室を紹介してもらえますか？,"一度にお一人ずつ先生をご紹介致しますので、まずは第一希望の先生を決めてお申し込み下さい。

不明点や要望がありましたら、申込フォームの要望欄にご記入ください。",12362,8,10642
3203615,教室を紹介してもらう方法,"一度にお一人ずつ先生をご紹介致しますので、まずは第一希望の先生を決めてお申し込み下さい。

不明点や要望がありましたら、申込フォームの要望欄にご記入ください。",12364,8,10644
3203616,コンクールに積極的に参加している先生を教えてほしい,各教室の指標として、「指導者賞受賞」や「コンペ指導経験」などがありますので、そちらもあわせてご確認ください。,12365,8,5472
3203617,詳しお内容が知りたいのに記載してありません。どうしたら知ることができますか？,申込後のキャンセルもできますので、まずはお申込ください。申込フォーム内の要望欄に、質問をご記入いただけましたら、紹介スタッフの分かる範囲でお答えさせていただきます。,13598,8,7018
3203618,指導者賞とはなんですか,"指導者賞とは
http://www.piano.or.jp/teacher/award/regulations.html",13606,8,7027
3203619,レッスン場所はそれぞれのご自宅ですか？,レッスン場所は、先生によってご自宅の場合もあれば、別途レッスン室をお持ちのところもあります。,13714,8,7075
3203620,出張レッスンをお願できる先生を探していただけますか。,出張レッスンを希望できる教室・先生を探したい場合は、「絞り込み検索」の「レッスン形態」から、「出張レッスン」をチェックして検索してください。,16757,8,14055
3203621,短期集中レッスンはありますか,短期のレッスンも可能です。お教室の空き状況などにもよりますので、まずはお申込ください。申込フォーム内の要望欄には、短期レッスン希望の旨をご記入ください。,16758,8,14056
3203622,事務局のアドレスを教えてください,"ピティナ本部事務局へのお問合せ
https://www.piano.or.jp/enquete/",16788,8,14097
3203623,先生のお名前や詳しい所在地を把握した上で申し込みたいのですが、どうしたら教えて頂けますか？,個人情報保護法に基づき、先生ご本人の了解を頂いた上で、レッスンを希望される方のみにお伝えしています。,16789,8,14098
3203624,障害者対応,教室一覧において、「絞込検索」内に「指導可能な障がい」という欄がありますので、そちらで対応可能な教室をお探しください。,16790,8,14099
3203625,障害者を受け入れてくれるところ,教室一覧において、「絞込検索」内に「指導可能な障がい」という欄がありますので、そちらで対応可能な教室をお探しください。,16791,8,14100
3203626,発達障害児,教室一覧において、「絞込検索」内に「指導可能な障がい」という欄がありますので、そちらで対応可能な教室をお探しください。,16792,8,14101
3203627,大人の上級まで学びたい,教室一覧において、「絞込検索」内に「指導対象」という欄がありますので、そちらで対応可能な教室をお探しください。,16793,8,14102
3203628,週何回通っても良いのですか？,レッスンの頻度については、体験レッスンの際に、先生と直接ご相談ください。,16794,8,14103
3203629,adhd,教室一覧において、「絞込検索」内に「指導可能な障がい」という欄がありますので、そちらで対応可能な教室をお探しください。,17362,8,14729
3203630,教室の所在地,個人情報保護法に基づき、先生ご本人の了解を頂いた上で、レッスンを希望される方のみにお伝えしています。,17363,8,14730
3203631,自宅まで来てくれますか,出張レッスンを希望できる教室・先生を探したい場合は、「絞り込み検索」の「レッスン形態」から、「出張レッスン」をチェックして検索してください。,17368,8,14741
3203632,発達,申し訳ありません、今の私では回答できませんでした……別のご質問をいただけますか？,17371,8,""
3203633,土曜日もレッスンしてくれる先生を希望です,レッスン料金や曜日などの情報は、申告内容に沿って掲載しています。掲載されていない情報に関してご要望がある場合は、申込フォームの要望欄へご記入ください。,17372,8,""
3203634,複数の先生に会いたい,"一度にお一人ずつ先生をご紹介致しますので、まずは第一希望の先生を決めてお申し込み下さい。

不明点や要望がありましたら、申込フォームの要望欄にご記入ください。",17373,8,""
3203635,安いところ,レッスン料金や曜日などの情報は、申告内容に沿って掲載しています。掲載されていない情報に関してご要望がある場合は、申込フォームの要望欄へご記入ください。,17374,8,""
