id,question,answer_body,question_answer_id,bot_id,answer_id
3128721,住宅ローン（法人提携銀行・旧トーメン社員）申請内容を修正したいので、差戻しをお願いしたい,当日の17時30分までなら差戻し（却下）は可能です。Sで始まる精算番号と金額、連絡先をご連絡下さい。,13277,13,6708
3128722,住宅ローン（法人提携銀行・旧トーメン社員）の当社と提携している銀行名、優遇条件、連絡窓口等を知りたい,"TWINSの「Let's福利厚生掲示板」の「検索」に、それぞれの銀行を入力してお調べください。なお提携している銀行は以下の通りです。
? 三菱東京UFJ、 三井住友銀行、みずほ銀行、三井住友信託銀行、財形住宅金融",13278,13,6709
3128723,保育園入所に伴う役所へ提出するため、証明書（勤務/育児休業）が欲しい,THR名古屋/厚生Gへ依頼して下さい。急ぐ場合は東京人事Gでも対応します,13279,13,6710
3128724,在職証明書が欲しい,THR名古屋/厚生Gへ依頼して下さい。急ぐ場合は東京人事Gでも対応します,13280,13,6710
3128725,住宅ローン手続（法人提携銀行・旧トーメン社員）の不動産法人割引の紹介カードが欲しい。,三菱ﾚｼﾞﾃﾞﾝｽ・三井不動産のみ法人提携をしている。東京人事G/武石が発行します。,13281,13,6711
3128726,財形貯蓄・財形住宅の新規募集時期はいつですか？,毎年6月に募集(一般財形・住宅財形・年金財形）をしてますが、東海労金のみです。,13282,13,6712
3128727,財形貯蓄・財形住宅の金額の変更は随時できますか？,毎年6月のみになります(一般財形・住宅財形・年金財形）。申請書は東京にもあります。武石が不在の場合は、名古屋THR厚生Gにお問い合わせください。,13283,13,6713
3128728,財形貯蓄・財形住宅の払戻しをお願いしたい。,申請書がありますので、社内便でお送りします。印鑑の漏れがないようにしてください。東京にお住いの方は、東京都から明記してください。住所が変更されてる方には、変更届出書も記入願います。武石が不在の場合は、名古屋THR/厚生Gに送ってください。,13284,13,6714
3128729,社宅はどこにありますか？空き状況は？,東京の社有物件は、入居が難しいです。社有でなく、借上げか会社選定物件となります。詳しくは、名古屋THR/厚生Gにお尋ねください。,13285,13,6715
3128730,出張者から金町寮に宿泊したいがどうしたらいいか。,"1泊2,000円+布団のクリーニング代（約1万円）となります。食費は別になります。空き状況を確認の上、申請書は東京人事G/武石へ連絡して下さい。",13286,13,6716
3128731,引越先が決まっていないが、どうしたらいいか。,地域が決まっていれば、大よその住所を記入の上、申請してください。,13287,13,6717
3128732,港区に勤務している在勤証明書を発行してほしい。,THR名古屋/厚生Gへ依頼して下さい。急ぐ場合は東京人事Gでも対応します,13288,13,6710
3128733,人事異動（出向戻り）に伴うPCアドレスの設定はどうやるの？,"TWINS「人事発令に伴う各種IT関連の申請・注意事項について」を確認いただき、
不明点はﾍﾙﾌﾟﾃﾞｽｸへご連絡下さい。",13289,13,6718
3128734,育児短時間勤務申請書はいつまでに提出するのか？,1ヵ月前まで（年度申請）,13290,13,6719
3128735,育児短時間勤務申請書は曜日別に申請できるか？,1日の勤務時間が6時間を超えていれば問題ありません。,13291,13,6720
3128736,育児短時間勤務申請はどこへ提出すればよいか？,各拠店のTHR担当へご提出下さい。,13292,13,6721
3128737,財形貯蓄・財形住宅を一部解約をしたいが、申込から振込までどれくらいかかりますか？,休日を入れて2週間です。,13293,13,6722
3128738,現在、借上げ寮にいますが、子供が大学に入学し上京するため、一緒に住める寮に変更したい。,個人的な理由での借上げはできません。個人負担で探して下さい。,13294,13,6723
3128739,コーポレートカードを持っているか解らなくなったので、調べてほしい,THR名古屋/厚生G担当へ確認して下さい。,13295,13,6724
3128740,芝浦アイランド付近に住んでいるが、都バスで利用して、通勤費申請してもよいか？,都バスは経済的な観点から認められないが、コミュニティバスは電車代と変わらないので認める。,13296,13,6725
3128741,通勤費申請で最寄駅までバスの走行距離が1ｋｍ以上あるのに、1ｋｍ未満で不支給になったのはなぜ？,バス利用の場合、その利用区間の直近徒歩距離が1ｋｍ未満の場合には支給しない。（就業規則「給与規程」第3章手当を参照）,13297,13,6726
3128742,東京本社から近いので、バスのみで通勤申請してもよいか？,最も経済的な手段となるか確認し、1分でも電車が速いなら電車を利用すること。,13298,13,6727
3128743,通勤費の経済的・合理的なルートとは？,"朝の通勤時間、経路の合理性、乗換回数、金額の順番で確認。このうち金額については先の3つの条件を備えたうえで最安値から5,000円を超えないもの。",13299,13,6728
3128744,通勤費は、月額10万円を超えなければ、新幹線通勤は認めてくれるの？,原則不可。特別なご事情があればTHR各拠店担当へご相談下さい。,13300,13,6729
3128745,海外送付制度を利用した際、現地発生の関税料金等を立替えているが精算は？,"人事部負担で精算するので、領収書をTHR東京に提出してください。
社内レートで円貨換算し、立替金口座に振込します。",13301,13,6730
3128746,現地住所が決まっていないが、引越手配は進められるか？,"赴任先住居/住所が未定でも、海外引越手配依頼書は早目に提出して下さい。
住所欄は未定/ブランクで構わないので、依頼書を提出し、業者との打ち合わせを
進めてください。",13302,13,6731
3128747,勤務証明やお子様の駐在証明を発行できますか？,証明書を作成しますので、社員番号をご教示ください。,13303,13,6755
3128748,予防接種の料金負担先はどこですか？勘定科目は？,"駐在員の経理コードとなり、勘定科目は国内の病院は厚生費（A9199）,海外の病院は厚生費（A9198）となります。",13304,13,6733
3128749,休暇申請の申請内容を変更したいのですが。再申請した方がいいですか？,THRで修正しますので、再申請は不要です。変更点をお知らせください。,13305,13,6752
3128750,駐在中の健康診断について、予約を変更したのですが、どうしたらいいですか？,変更はご自身ですることになっておりますので、お願いします。変更後はTHR各拠店担当へご連絡を下さい。,13306,13,6735
3128751,健保での健診を半年以内に受診してますが、渡航前健診として代用できますか？,社員番号と国名をTHR各拠店担当へご連絡して下さい。,13307,13,6736
3128752,駐在予定ですが、中国指定の健診を受診したら、渡航前健診は受けなくてもいいですか？,中国指定の健診は、VISA用の項目だけなので、渡航前健診は受診必須。負担先も違う。VISA用健診は駐在員の経理コード、渡航前健診は1902。,13308,13,6737
3128753,駐在地で病院にかかった領収書があるので、精算してほしい。,駐在地でかかった診療（健診、妊娠に関すること、予防接種以外）は、ﾌﾟﾚｽﾃｰｼﾞｲﾝﾀｰﾅｼｮﾅﾙ社に請求することになってます。ヘルスケアカードの裏に連絡先があるので、そちらへ確認ください。,13310,13,6749
3128754,海外で受診した健康診断結果は、どうしたらいいですか？,名古屋健康管理室・渡邉令子さんにPDFでメール送信してください。,13311,13,6740
3128755,駐在予定ですが、VISA用の健診を受診したら、渡航前健診は受けなくてもいいですか？,中国指定の健診は、VISA用の項目だけなので、渡航前健診は受診必須。負担先も違う。VISA用健診は駐在員の経理コード、渡航前健診はA1902。勘定科目は2つともA9199,13312,13,6741
3128756,駐在中の健診の予約日程を変更したのですが、どうしたらいいですか？,変更はご自身ですることになっておりますので、お願いします。変更後は連絡をください。,13313,13,6742
3128757,健康診断の再検査は、会社負担でもいいですか？,個人負担です。胃カメラの生検も個人負担です。,13314,13,6743
3128758,駐在員の予防接種の料金負担先はどこですか？勘定科目は？,"駐在員の経理コードとなり、勘定科目は国内の病院は厚生費（A9199）,海外の病院は厚生費（A9198）となります。",13315,13,6733
3128759,医療費精算　おたふくの予防接種（MMR)は会社負担ですか？,"7歳までは会社負担ですが、8歳以上は個人負担です。厚生労働省検疫所ホームページ掲載の予防接種は会社負担になります。その他に、コレラ、ジフテリア、DPT,ダニ脳炎、ロタ（子女のみ）が新たに会社負担となりました。",13316,13,6744
3128760,医療費精算　抗体反応の料金は会社負担ですか？,会社負担です。(経理コード、厚生費A9199),13317,13,6745
3128761,海外赴任に伴う予防接種証明書は会社負担ですか？,個人負担です。支度金でまかなってください。VISA取得のためであれば、会社負担になります。,13318,13,6746
3128762,海外赴任に伴い、健康証明書は発行してもらえますか？,所定のフォームがあれば、病院で署名捺印をもらい、フォームがない場合は、病院に依頼します。,13319,13,6747
3128763,帯同する家族の、赴任日の空港までの料金は、会社負担ですか？,会社負担です（A9162)。（たとえば、実家から成田空港まで。）合理的かつ経済的な交通手段で申請下さい（タクシーはNG）,13320,13,6748
3128764,海外駐在中に受診した健康診断結果は、どうしたらいいですか？,名古屋健康管理室・渡邉令子さんにPDFでメール送信してください。費用は、立替精算をして、「海外医療費精算依頼書」をTHRに送付するか、海外店で払ってもらい、海外店からDebitNoteでTHRに請求するか、どちらかになります。,13321,13,6750
3128765,赴任中に一時帰国して病院で診療を受けた場合の料金は、会社負担ですか？,日本国内では、健康保険証を使い、個人負担（3割）となります。,13322,13,6751
3128766,帰任時の引越代はどこの負担ですか？,海外店の負担になります。,13323,13,6753
3128767,海外駐在中、健康保険証はどこに保管してあるの？,保険証は会社では預かってないので、ご自宅をお探しください。紛失されてる場合は、再発行の手続きを健保に申請ください。,13324,13,6738
3128768,帰国後健康診断はいつまでに受診可能ですか？,原則3か月後までですが、期限を過ぎても受け付けますので、電子申請をお願いします。,13325,13,6754
3128769,一時帰国・特別休暇の書類提出先は？,東京THR/東京人事Gの担当（武石）へ確認して下さい,13326,13,6756
3128770,特定地域休暇の問い合わせ先は？,東京THR/東京人事Gの担当（武石）へ確認して下さい,13327,13,6756
3128771,赴任のために、赴任前に海外へ行くが申請は？,定期異動の前に赴任した方のみ海外出張とみなします,13328,13,6757
3128772,海外からの出向受入者の一時帰国料金は？,"エア代のみ海外出張旅費で負担。
請求書・領収書をもって支払う
現地での交通費は休暇のため、請求することができません。",13329,13,6758
3128773,一時帰国休暇の立替金依頼書（エア代・日当）の書類提出先は？,東京THR/東京人事Gの担当（武石）へ確認して下さい,13330,13,6756
3128774,海外赴任中に歯科にかかった。領収書をもっているので精算方法を教えてほしい,ﾌﾟﾚｽﾃｰｼﾞ・ｲﾝﾀｰﾅｼｮﾅﾙ社のﾍﾙｽｶｰﾄﾞを使います。ｶｰﾄﾞの表面にある問い合わせ先を確認下さい、領収書と明細書の送付先も記入されています。,13331,13,6759
3128775,就労VISA取得に40日もかかるが、現地の仕事を早く始めたいため、先に出張として行く場合、赴任日はいつになりますか？,就労VISA取得後が赴任日となりますので、それまでは出張扱いとなります。,13332,13,6760
3128776,環境省へ領収書原本を提出する必要があるため、提出済みの領収書を返却してほしい,倉庫から取り寄せますので、出張番号をTHR担当へ連絡して下さい。入手次第あらためて連絡しますのでお待ち下さい。なおTHR保管がコピーとなる依頼書を作成下さい。,13333,13,6761
3128777,海外出張精算したいが、レートがTWINSのどこにあるのか解らない,https://twins-a3.toyotsu.co.jp/AP0103/KeijiPub.nsf/vwDocNo-Link-Teikei/T005659?OpenDocument,13334,13,6762
3128778,１ヶ月以上の海外出張の場合の精算処理方法は？,"長期出張の場合は、1ヶ月毎の途中精算が原則になっています。
途中精算する際に通常の出張システムで精算してしまうと帰国したことになってしまうため、SAPの立替精算処理をしてください。
また、立替精算依頼書には費用計算書と領収書を添付の上、ＴＨＲまでご提出願います。
なお帰国された際は最終の精算のため、通常通り海外出張システムの精算届を作成します。精算届作成時の出張期間は実際の出発日・帰国日となりますが、日当支給日数は、途中精算した日数を引いてください。",13335,13,6763
3128779,同行者（TTC社員）の宿泊代を立て替えた場合の処理は？,"海外出張システムの精算届で、一緒に精算してください。
同行者の費用負担Ｇが異なる場合には、費用負担方法で「所属Ｇコードと他Ｇコードで負担」を選択し、他Ｇコード欄に立替分を入力して精算。
その際に、摘要欄に、「○○さんの宿泊代」とわかるように明記してください。",13336,13,6764
3128780,日本でパスポートを取得・更新した場合、処理できるか？,部署の了解がある場合は精算可能です。,13337,13,6809
3128781,円貨払いは「海外出張計算書」に含めていいの？,「費用計算書」は外貨払い分のみですので含められません。円貨払いはSAP立替金で処理下さい。,13338,13,6766
3128782,VISA（ﾋﾞｻﾞ）取得代の勘定科目は？,9238：支払手数料　※注意：入出国空港税（9311）と間違えないこと,13339,13,6767
3128783,海外出張申請書に都市名がない。問合せ先は人事部となっているが具体的にはどこか？,名古屋THR人事部厚生G（名古屋5260）へ連絡して下さい。,13340,13,8581
3128784,交際費の領収書をなくしたが、どのように精算したらよいか,クレジット明細で対応します。クレジットカード明細での精算となる理由を明記のうえ、上長印をもらって下さい。なお、円貨精算となるのでSAP立替金精算です。,13341,13,6769
3128785,3月計上の締日はいつ？（電子申請分）,4月の第一営業日午前中に、上長承認完了および紙の計算書の提出が完了しているもの,13342,13,6770
3128786,3月計上の締日はいつ？（経費・立替金分）,4月の第二営業日定時までに、紙の提出があったもの,13343,13,6771
3128787,海外出張時に、お客様と同行して、現地でケーブルカーに乗ったが、料金科目はなに？,9142交際費,13344,13,6772
3128788,レートに５％以上の差が出た場合とは？,"帰国日レート⇔バウチャーレート
クレジットカードの場合はカード明細のレートと比べる
ネットで2日後くらいに明細を確認できる",13345,13,6773
3128789,マレーシアのレートは？,TWINSの「社内レート」を確認下さい,13346,13,6774
3128790,台湾のレートは？,TWINSの「社内レート」を確認下さい,13347,13,6774
3128791,ＴＴＭ、TTS、TTBレートとは？,"TTMレートとは、Telegraphic Transfer Middle rateの略で、日本語では仲値と言って、銀行が顧客に対して10万ドル未満の外国為替取引をする際の基準レートとして定められています。TTSとTTBのちょうど中間の値になります。

TTSレート＝対顧客電信売相場のこと。銀行が顧客に対して外貨を売る（円を外貨に交換する）時に用いられる 為替レート。

TTBレート＝対顧客電信買相場のこと。 銀行が顧客に対して外貨を買い取る（外貨を円に交換する）時に用いられる為替レート。

",13348,13,6775
3128792,ＴＴＭレートの仲値ってなに？,"ＴＴＭレート（＝仲値）というのは、毎日9時55分頃のインターバンク市場の為替レートを基準にして、各銀行が決定する対顧客レートの基準値となるレートのことをいいます。

なお、決済日が2営業日後のインターバンク市場のレートからスワップポイント分を調整して当日物として決定します。

",13349,13,6776
3128793,ＴＴＳレートとは？,"銀行が顧客に外貨を売るレート。
（顧客側からは銀行から外貨を買うレート。）
米ドルの場合、TTS(Telegraphic Transfer Selling)は仲値に1円プラスしたレート。

ＴＴＳレートというのは、電信売相場のことであり、金融機関の対顧客外貨売りレート（顧客の買いレート）のことをいいます。

なお、ＴＴＳレートには手数料が含まれていますので、仲値より高く設定されています。

",13350,13,6777
3128794,"レートはどこで確認するの？                                                      

","■レート照会■                                                      
1.　下記URLより確認してください
　　　　　⇒http://www.murc-kawasesouba.jp/fx/index.php   
2.　1で確認できない場合は、TWINSの財務企画部ＴＦＮ                 
　　　《TOYOTSU FINANCIAL NEWS》に                                  
  　　　掲載されている『社内レート』を確認                          
  　　　⇒TOYOTSU FINANCIAL NEWS 社内レート                         
  　　　　※（前月のTTMレートの平均値が、社内レートとなります）     
3.　2でも確認できない場合・・・・・                                
  　※　現地通貨に両替した際のレートを使用                    
  　　　　　　（エビデンス、両替書を添付）                          
  　※　ネットで確認
　　　　　⇒http://www.oanda.com/currency/classic-converter
",13351,13,6778
3128795,社内レート、TTSレート、OANDAでも確認できないときはどうしたらよいか？," oandaでも調べられない場合は、両替したレートを使用。
　※oandaは、英文のものです。日付け　（帰国日）を入力
　　　・左側・・　手元にある通貨（外貨）　を選択
　　　・右側・・　必要な通貨（Japanese Yen、ＪＰＹ）　を選択　
　　　・【Cｏｎｖｅｒｔ　Ｎｏｗ】　をクリック
　　　・「Yｏｕ　buy・・」のレートを見てください。　
　　You bｕｙ・・（顧客が買う）　・・・　銀行側のTTＳレート
　　You sell・・（顧客が売る）　・・・　銀行側のTTＢレート　
 　★TTSレートとは、銀行が顧客に外貨を売るレート。
　　　（顧客側からは銀行から外貨を買うレート。）",13352,13,6779
3128796,"交際費・会議費の勘定科目はなに？。5,000円で分けるの？","・9142交際費
・914Y交際費（50%損金算入）：\5,000超/人で社外の人を含む飲食
・914B交際費（損金算入）：\5,000以下/人で社外の人を含む飲食
・9152会議費：議事・内容は必ず記入しておく

待ち合わせ等での喫茶も含む
※【交際費会議費精算明細書】を添付のこと。",13353,13,6780
3128797,"日本円で支払ったものが料金計算書に含めていいの？　
","海外出張システムではなく、立替精算（ＳＡＰ）で処理　
",13354,13,6781
3128798,携帯電話を日本でレンタルしたが、料金科目は？,"「課税」と表記がある場合は、9171：通信費（国内）となるので返却する
「課税」と「非課税」を両方含む領収書が届いたら、立替金精算では科目を9171と9178に分ける",13355,13,6782
3128799,"出張先のNSがその関連会社の社員を他の工場へ見学に行った料金を支払い
→その後、営業部の人がNSが立替えたお金を更に立替えて部署にて精算したい場合の精算方法は？","交際費にて費用計算書で精算する
領収書は必須",13356,13,6783
3128800,本人が立て替えた料金を現地法人等で負担していただく場合は？,"海外出張精算システムではなく、
ＳＡＰの立替精算（1581：営業短期債権）",13357,13,6784
3128801,"現地で立替えた分の中で、一部をトヨタ自動車が負担してくれる場合の
料金計算書の入力は？","豊田通商負担の費用のみ入力してください。
先方負担分は、勘定科目を「A1581営業短期債権」で処理。",13358,13,6785
3128802,"出張していないが、現地でTMCとの交際費をTTC負担にしてほしいと
現法から依頼がありました。その処理は？","海外出張に伴なう費用の発生でないため、精算できません。
営業経理にご相談してください。",13359,13,6786
3128803,エアチケットキャンセル料の勘定科目は？,"9161海外旅費
9169旅費交通費（雑口（課税））",13360,13,6787
3128804,取引先への献花代の勘定科目は？,9142交際費,13361,13,6772
3128805,面接のため、海外→日本・日本での交通費を営業部負担で支給したい（現金にて）勘定科目はどうなるか？,面接に対する費用のため、「雑費」勘定で処理する,13362,13,6788
3128806,危険地での空港VIPｻｰﾋﾞｽ利用のための入場料の勘定科目は？,9322：雑費,13363,13,6789
3128807,海外出張時の日本の空港使用料の勘定科目は？,9162：国内出張旅費,13364,13,6790
3128808,旅客保安サービス料（課税）　の勘定科目は？,9162：国内出張旅費,13365,13,6790
3128809,燃油サーチャージ料の勘定科目は？,9161：海外出張旅費,13366,13,6791
3128810,業務委託以外（お客様）で宿泊費を負担する場合（同行）の勘定科目は？,取引先の宿泊費は、9142：交際費,13367,13,6792
3128811,"海外出張の際、ロンドンで毎年開催される晩餐会に出席するため、
現地でタキシードをレンタルする。勘定科目は？",9295：賃借料（会議に際して一時的に借りた物品のレンタル代）,13368,13,6793
3128812,"クレジットカードサーチャージ（１％）の勘定科目は？
オーストラリアなどで発生。","宿泊費等にかかる場合、「9161：海外出張旅費」に含めてしまってもよいが、
個別に、「9238：支払手数料」で計上しても可する。",13369,13,6794
3128813,海外出張時のスーツケース宅配代金（自宅〜国内空港）の勘定科目は？,"9241： 荷造運賃（国内）　ＳＡＰ立替精算処理して下さい
宅配便の送り状が兼領収書となっているので、送り状の控えでＯＫ",13370,13,6795
3128814,通訳を委託した、通訳料の勘定科目は？,9238：支払手数料,13371,13,6796
3128815,両替時に発生した手数料については、請求対象とはならないか？,"支給対象外（自己負担）です。
",13372,13,6797
3128816,展示会での飲食代で、お客様の分も立て替えた。勘定科目は？,"自分の分は「会議費」、お客様の分は、「広告宣伝費」
　※広告宣伝費は、決裁が必要 （決裁事項）",13373,13,6798
3128817,クーリエ代の勘定科目は？,9242：荷造運賃,13374,13,6799
3128818,交際費（損金算入）とは？,"法人が収益を得るために支出した仕入れに要する費用などの経費を
必要経費（損金）として計上すること。
特定の支出に関しては損金として計上できなかったり、
損金の計上に当たり限度額が定められているものなどがあります。

法人税の申告調整の際、会社の利益計算では費用や損失ではないが、税法上は損金の額に算入させる金額。法人税を申告するにあたって、課税所得金額を算出する際に使用します。決算によって出された企業会計上の利益は企業の財政状態や経営成績を反映するものであり、租税負担の公平さを目的としている課税所得金額とは異なった金額になります。

損金算入は課税所得金額を算出する際、利益から減算されるもののひとつです。例として青色申告事業年度の繰越欠損金、災害による繰越損失金などが挙げられます。他に利益から加算するものとしては損金不算入があり、減算されるものに益金不算入と損金算入があります。
",13375,13,6800
3128819,"国内で使用している携帯電話を海外出張で使用する場合の処理は？
国内でレンタルし、海外で使用した携帯電話の使用料は？","国内の通信費は、ＴＯＳ担当で処理しています。
円貨の通信費は、ＴＯＳへ提出して下さい。
外貨の通信費は、計算書に記入して下さい。",13376,13,6801
3128820,"海外出張時に現地（特に中国）で携帯電話本体を購入し、
その料金を精算できる？
","携帯電話の会社契約は、禁止されています。
個人で購入した場合は、原則、個人負担となります。

なお、出張時には、豊通シスコムの携帯電話レンタルサービスが
利用できます。

★TTCﾗｲﾌﾞﾗﾘｰ⇒ＩＴ戦略部⇒電話・ﾌｧｸﾐｼﾘ⇒携帯電話の会社契約禁止の件
https://twins-a1.toyotsu.co.jp/AP0103/KeijiPub.nsf/vwDocNo-Link-Teikei/T013441?OpenDocument

今後は出張後の携帯電話活用方法をご確認ください。

原則はできないが、グループで管理し、出張時に利用するということであれば、
今回限りということで、「A9322: 雑費(海外)」で処理してもらってください。
今後は出張後の携帯電話活用方法をご確認ください。",13377,13,6802
3128821,経費収益内訳表に計上されるJALマイレージバンク　A9162国内旅費　「ＪＲ」の内訳は？,"JALマイレージバンクで計上される費用は
すべて海外出張時の費用となります。
そのうち、国内旅費で計上されるものは、
通常、国内空港使用料だと思いますが、
詳細は、こちらではわかりません。

旅行代理店から、航空券等発注の際、
控えをいただいていると思いますので、
そちらでご確認ください。
",13378,13,6803
3128822,"ESTAの支払いはカード決済ですが、精算処理はどのようにしたらよいか？
","※TTCライブラリーに掲載
■SAPの立替精算で処理。
■科目は、「9238支払手数料（雑口/非課税）」
■精算のタイミングは、申請時ではなく
　クレジットの請求明細が届いてから。
　申請時には＄１４支払ったというバウチャーが
　何もないと思いますので、クレジットの請求明細（コピー)を
　バウチャーとして添付。
■立替金額は、クレジット請求明細の金額（実施に払った日本円）。
　もしくは社内レート（申請月）を使用する。

★１ヶ月以上経過した場合は、「経費精算における異常発生理由書」を
　　添付すること！
",13379,13,6804
3128823,模倣ホームページでESTA申請してしまい、７４ドル支払った場合の精算は？,"「１４ドル」で、精算してください。
差額の手数料は、自己負担になります。",13380,13,6805
3128824,入国費のレシートをもう一度使いたい,一度コピーしてオリジナルを返却しますが、利用後に必ずTHRへ返却して下さい。,13381,13,6806
3128825,領収書の宛名は？,原則、豊田通商(株)。,13382,13,6807
3128826,計算書を紛失してしまったら？,"計算書および領収書の紛失の場合、
計算書を再印刷し、余白部分に「提出途中で紛失」等と明記いただき、カード明細等の証明書類を添付の上、上長印押印し、再提出してください。

",13383,13,6808
3128827,パスポート更新（取得申請）の料金について、旅行代理店を通さずに、個人で立て替えた場合の処理は？,"上長が承認した場合に、立替金精算の処理可能です。
SAPの立替金精算にて処理して下さい。
　・勘定科目：A9312　収入印紙　　（写真代は、A9329： 雑費）
なお、ＴＯＳへご提出下さい。",13384,13,6810
3128828,パスポート更新（取得申請）の料金について、代理店を通すと手数料も発生するが会社負担となるか？,"海外出張のために必要な発行費用等であれば会社負担となります。 海外出張が具体的に予定されている状況で発行するものであれば 「海外出張のため」と判断され、具体的に予定されていない状況では「海外出張のため」とは見做されません。
 なお、これらの費用は勘定科目A9238です。TOSへ申請して下さい。",13385,13,8518
3128829,部付で、ＧＬ未満の方の承認者は？,"1.【承認者（ＧＬ）】・・部長に承認してもらい、
2.【承認者（部長）】・・部長に承認してもらう。
　部長には２回承認してもらうことになります！",13386,13,6812
3128830,"承認者のガイドラインはありますか
　(A) ＧＬが不在の場合
----------------------
　(B) 部長が不在の場合","1. Ｌ職以上の方を選択
     【承認者（ＧＬ）】・・部長に承認してもらい、
2. 【承認者（部長）】・・部長に承認してもらう。　
      部長には２回承認してもらうことになります！

------------------------------------------------------------
・Ｌ職以上の方を選択

なお、部長承認欄の変更は、TWINSのシステム上、
申請者本人では変更ができません。
ＧＬの方が承認する際に、次承認者の部長欄を
該当の方に変更の上、承認してもらってください。",13387,13,6813
3128831,システムの承認者について,"「承認者変更」を選択し、承認者を変更すると
【初期設定に戻す】
【次回以降も記録】
【今回のみ変更】
と表示されます。（掲示板などの申請と同じ）

『次回以降も記録』を選択すると、人事異動で変わっても
承認者は固定されたままになっています。
『初期設定に戻す』でリセットすれば、人事異動と連動します！",13388,13,6814
3128832,所属が「部付」となり、海外出張申請を申請すると、申請画面上【ＧＬ承認の入力必要】となります。 直属の上司は、部長のため、ＧＬ不在の状況です。申請方法をご教示願います。,"部付の方の申請の場合は、ＧＬ承認欄にも
お手数ですが、部長を選択して申請してください。",13389,13,6815
3128833,"部長が長期休暇を取る際、承認者が部長になる方々は、
システム上で代理の方に申請できるような方法になっておりますでしょうか？","通常、部長不在時に代行されている部長職の方（副部長）を
承認者に選択していただければ、結構です。

ＧＬと部付の方に影響があるとのことですが、
海外出張はすべて部長決裁となりますので、
部内の出張者すべてが対象となります。

なお、部長承認欄の変更は、TWINSのシステム上、
申請者本人では変更ができません。
ＧＬの方が承認する際に、次承認者の部長欄を
該当の方に変更の上、承認してもらってください。",13390,13,6816
3128834,ＧＬが、承認した後に再度自分が承認した内容を見たい場合は？,"システム上、未承認の画面しか見れません。
承認が完了したものは、閲覧できません、",13391,13,6817
3128835,3月中に「出張申請」したもので、4月からグループコードが変更になったら？,ＴＨＲで修正しますので、新しいグループコード修正後に精算届を作成してください。,13392,13,6818
3128836,料金計算書の金額に外貨記号が入る,"費用計算書を一旦保存し、その後に「パスワード解除」
セルの書式設定にて変更　　※PWは別紙参照",13393,13,6819
3128837,海外出張先を１ヶ所変更する場合,"THRにて変更する
１箇所・１日の違いであれば直してあげる",13394,13,6820
3128838,２つの出張の間に1日しかない。それでも出張申請は２件作成すべきか？,一旦帰国しているのであれば、保険期間が切れるので２件作成して下さい。,13395,13,6821
3128839,出張申請を承認、同日に出張中止処理がされた場合どうするの？,特に処理することはない。そのままにしておいてよい,13396,13,6822
3128840,海外出張の日当を1日短く付け、帰国日は国内日当で精算してしまったどうすればよいか？,過払い分は給与にて天引きするので、THRへご連絡下さい。,13397,13,6823
3128841,海外出張システムのマニュアルはあるの？,"TTCライブラリーにて掲載
https://twins-a3.toyotsu.co.jp/AP0103/KeijiPub.nsf/vwDocNo-Link-Teikei/T031295?OpenDocument",13398,13,6824
3128842,精算漏れがあった場合どうすればよいか？,"立替金精算にて処理。摘要に出張ＮＯ．や理由等を記入いただく。
計算書（帰国日レート・「＋１円」で自動計算される）を使用すると良い。",13399,13,6825
3128843,立替金口座の変更登録をしたら、いつから新口座へ反映されますか？,本人が登録し、ＴＨＲで処理し、夜間処理後、翌日よりシステム使用可能。,13400,13,6826
3128844,"お客様手配のツアーで海外出張する場合の申請・精算は？
ツアーなので、細かく料金が分かれていません。","出張申請は、通常通り作成。概算は、あくまで概算を入力してもらう。
精算は、システムは現地で本人が立替えた場合はその金額と
日当を入力。お客様手配のツアー分は、経費支払処理。
",13401,13,6827
3128845,精算届を入力しても、合計欄に反映されません,「．」は不要です。「９１０８９」円と数字のみ入力してください。,13403,13,6829
3128846,"出向先負担の海外出張精算が、「0円」で申請できない
","下記の場合、申請時にエラーとなってしまいます！

・費用明細欄に金額の入力がされていない
・費用計算書ファイルが添付されていない

今回、精算届を確認したところ、計算書ファイルが添付されていないため、
エラーとなってしまったと思います。
ブランクの計算書でも結構ですので、何かファイルを添付していただき、
再度、申請していただけますか。",13404,13,6830
3128847,出張届が却下されたとき、保険申込も自動的に取消となる？,"保険申込は毎月末に締め、保険部へデータが流れる
毎月、月末時点で承認されている出張届についてデータを流すため却下されたデータは保険申込も取り消されている",13406,13,6832
3128848,"ビザを取得しなければならないため、任意加入保険を申し込んだ。
通常は個人負担だが、部署負担にしてもらえないか？","任意保険は必ず個人で支払うもの
チェコ・ベルギーなどでこのような例が発生するが個人で支払ってもらっている。
個人加入の保険は会社が負担することはできない",13407,13,6833
3128849,海外出張システムで、「保険申込へ」から先へ進めません。,"出発日の年月日が間違っていませんか？（年度の切替時に多い入力ミスです！）
正確な日付を入力してください。
",13408,13,6834
3128850,海外出張時の会社付保について、ビザ申請で付保証明書（英文）が必要です。発行していただけますか？,保険第二部へ直接依頼してください。,13409,13,6835
3128851,会社付保の保険内容は？,"保険会社：三井住友海上（株）
証券番号：NA37510712
死亡傷害補償：10万円
後遺障害補償：10万円
救援者費用：1,000万円",13410,13,6836
3128852,海外保険傷害保険申請書はどこで手続きできるの？,海外赴任時の手続き書類　⇒　名古屋THRへ,13411,13,6837
3128853,役員のコーポレートカードは個人の口座から引き落としされるの？,"TS3カード（役員法人カード）
個人の口座ではなく、会社の口座から引き落としされる。",13412,13,6838
3128854,海外出張中に病院に行った場合の精算方法は？,"コーポレートカード（自己申請）を使用し、基本的に自己負担。歯科はカードの保険対象外
＊TTCライブラリー「コーポカード加入徹底」を参照下さい。
https://twins-a3.toyotsu.co.jp/AP0103/KeijiPub.nsf/vwDocNo-Link-Teikei/GG004032?OpenDocument",13413,13,6839
3128855,海外出張者は、なぜコーポレートカード加入するの？,"海外出張者はコーポレートカードに必ず加入して下さい。

海外出張中に重篤な病気を患った場合、怪我をした場合に備え、海外旅行傷害保険付帯のコーポレートカードにご加入いただきます様お願い致します。

＜コーポレートカードに加入いただきたい理由＞
1.海外では、治療費や日本への移送費など、高額な費用が発生しますが、これらが付帯保険でカバーされます。
2.万一の際にはカードに付属する保険会社との交渉が随時必要となりますが、個人で保険に加入している場合と比べ、保険会社とのやりとりをスムーズに
　進めることが可能になります。

＜コーポレートカード保有対象者＞
豊田通商役員、社員

なお、コーポレートカードに加入できない方（出向受入、派遣社員等）はこちら⇒　https://twins-a3.toyotsu.co.jp/AP0103/KeijiPub.nsf/vwDocNo-Link-Teikei/GG004032?OpenDocument",13414,13,6840
3128856,出向受入者や派遣社員は、コーポレートカード加入できないが、海外出張時の保険はどうなるの？,"＜コーポレートカードに加入できない方（出向受入、派遣社員など）＞
何らかの理由により、コーポレートカードに加入できない場合は、
以下のいずれかの方法で、300万円までの疾病・傷害治療保険を
必ずカバーするようにして下さい。
1.出向元、派遣元会社が付与している保険を利用
2.個人のクレジットカード付帯の保険を利用
3.疾病・傷害治療保険への加入
　 ※各治療の補償額：300万円までの保険を主管部にて精算して下さい
　 ※上記以外は「個人負担」となりますので、予めご了承下さい

---------------------------------------------------------
人事部にも確認しましたが、ご自身で契約していただいた
海外旅行傷害保険料の精算は、TTCライブラリーでご案内しているとおり、
治療費用についての保険300万円までの保険料のみとなります。
それ以外については、個人負担となります。

今回のご契約内容は、治療費用も1000万円となっており、
また、それ以外の保障も含まれていますので、
治療費用300万円についての保険料がわかるものを
添付してください。

もし、保険料の明細がなければ、見積書等を出していただき、
添付していただけますか。

保険第二部へ確認下さい。",13415,13,6841
3128857,初めての出張だが、語学研修生として渡航していた場合、支度金は支給されますか？,"支度金支給対象外です。（人事部確認済）

すでに「はじめての出張」ということで、
本日、承認されてしまっていますが、
本日のデータ送信（17：45）までに、
「初めての海外出張ですか？」を“いいえ”に変更すれば、
支度金対象外にすることができます。（通常の金額訂正等と同じ）
",13416,13,6842
3128858,"海外出張2件申請したところ、初めての出張なのに「支度金」が支給されないのは何故？
●Ａ・・・支度金あり（7/29〜8/4）と
●Ｂ・・・支度金なし（8/26〜9/8）の２つ申請が同日にあったため","立替精算で支払処理をお願いします。
今回のような場合は、
1. 「Ａ・・・支度金あり」の申請を先に承認し、
2. 翌日以降、「Ｂ・・・支度金なし」の申請を承認してください。
※同日処理しないこと！",13417,13,6843
3128859,出向受入者の海外出張支度金は支給される？,"出向受入者は部署の了承があれば、GLよりメール依頼をいただく。
支度金6万円の振込をした時に、出張中止の場合の対応を明記して返信する
出向受入・一般派遣・嘱託は支度金を出す画面が出ない
→基本は支給しない（別のマニュアル参照）",13418,13,6844
3128860,国内出向者の支度金について,"出向者が初めての海外出張に行く場合、
TTC負担でも出向先負担でも、支度金は支給されます。
負担先は主管部署となります。
（支度金は、TTC用務の場合も出向先用務の場合も、
　主管部負担となります。）

処理としては、海外出張システムの出張申請を提出して下さい。
出向者の出張申請の場合、TTC負担か出向先負担かを
選択するようになっていますので、今回は、出向先負担として申請して下さい。
（出向先負担として申請しても、支度金は主管部負担となります）",13419,13,6845
3128861,仮出金はいくらまで？,"仮出金は原則、日当相当額を上限とします。
仮出金については、最終精算時に相殺されることになりますので、
剰余となった場合は、給与天引となります。
長期出張で、仮出金が多い場合注意！
（長期出張の場合は、一ヶ月毎の精算が原則になっています）",13420,13,6846
3128862,"海外からの出向者は、ある一定期間経過すると一時帰国でき、出張精算がはどうやるの？
","出張申請は「0（ｾﾞﾛ）」で申請してください。　
添付ファイルがないとエラーになるので、何か添付してください。
会社付保のため出張申請する。
【99Q****】の出向受入が多い。",13421,13,6847
3128863,"海外からの出向者が出向受入解除となった時の帰国旅費は？
","・出向受入協定書に、どちらの会社の負担になるのか決めている。

・TTC負担で支払う場合は、「9161：海外旅費」で処理。
　担当は、柄本さん。",13422,13,6848
3128864,国内出向者の承認先・申請先は？,"国内出向者は、名古屋管轄となり名古屋で承認。
申請画面の左上に申請先が（名古屋申請）と表示されるので、
そこでご本人に確認していただければ間違いないです。",13423,13,6849
3128865,国内出向者で、出向先100％負担の場合,"会社付保のため、ＴＴＣの出張申請も必要
（出向先で保険に加入しており、ダブル保険となる場合は申請不要）

出張申請した場合は・・・
精算届の特記事項欄に「出向先負担」と明記いただき、ゼロ精算する。",13424,13,6850
3128866,"ゲストハウスに泊まった場合の宿泊費
友人宅等で、宿泊費が確定できない場合や、機中泊の場合・・","機中泊・知人宅同様、20ドル
※役員の場合、機中泊は80ドル
※役員の内規あり
役員の機中泊・日当額確認",13425,13,6851
3128867,車中泊→ホテルデイユースの場合、両方請求することができるか？,"どちらかしか付ける事ができない。
通常、デイユースのほうを精算する",13426,13,6852
3128868,取引先手配の宿泊があった場合、20ドルをつけることができるか？,お土産等あると考えられるため、つけてきた人はそのまま精算する,13427,13,6853
3128869,"国内出張規定にものっていないので確認したいのですが
海外出張のフライトが東京発であったため東京へ移動し、前泊した場合
国内の日当は申請しないという理解であってるか？
","東京へ移動した日とフライト日が異なる場合、
東京への移動日については、日当は支給されます。

海外旅費規程第8条「国内旅費規程との関連」をご確認ください。
『出発日以前及び内地到着日以降の交通費・宿泊費は国内旅費規程による。但し、到着日及び出発日の日当は本規程により支給する。』
",13428,13,6854
3128870,"名古屋本社勤務の方で、出張期間：9/5〜9/8フライトの関係で、羽田空港に、9/8の23:00に到着。
東京で一泊し、翌日（9/9）に名古屋へ帰着した場合の帰国日は？




","所属店出発日・所属店帰国日を入力してください。（会社付保のため）
・帰国日は、9/9　（海外出張期間は、9/5〜9/9）

東京での一泊は、国内出張規定で処理して下さい。
・9/8の東京宿泊・9/9の日当は、国内出張ｼｽﾃﾑで処理

※注意：　
9/9の日当分は、国内出張ｼｽﾃﾑに入力されるので、海外出張費用計算書の日当は、9/5〜9/8までとなり、9/9の海外出張日当はつきません。
　　　　　　　　　",13429,13,6855
3128871,国内出張と同様に、海外出張時の宿泊費の上限はありますか？,"国によっても違うので、上限設定はしていません。
上長承認の実費精算としていますが、高い金額の場合は確認させていただいています。
もし、高い金額になりそうな場合は、事前に人事部に確認していただき、計算書にその旨ご記入ください。",13430,13,6856
3128872,"現地で、主催者側から参加日当<US$1,100ドル>を現金で受け取った。
交通費も含まれていますが、出張処理は何か必要ですか？",海外出張費用計算書に、マイナス金額で記載し差額を精算して下さい。,13431,13,6857
3128873,海外出張が人事研修の一環であるが、日当は支給されますか？,"支給します。研修だからと海外出張の日当が支給されないというルールはありません。
（国内出張は会社主催の集合研修は日当支給なし）",13432,13,6858
3128874,機中泊の考え方は？,"【出張日数−１日＝宿泊日数】の範囲内で考えます。
同日にホテル宿泊がある場合は、機中泊かホテル代かどちらかを選択して下さい。
フライトの関係でアーリーチェックイン・レイトチェックアウト、デイユース、空港内シャワー等を利用する場合、ルームチャージ実費支給。機中泊分はなし。",13433,13,6859
3128875,出張期間が１ヶ月延びた場合はどこへ連絡すればいいの？,"THRにて出張期間を修正しますので、THR各拠店の担当へ連絡して下さい。
実際の保険適用期間は精算届を提出した時に確定となります。",13434,13,6860
3128876,朝食代・クリーニング代（ランドリー代）は個人負担ですか？,"朝食代・Ｍｉｎｉ Ｂａｒ・ｸﾘｰﾆﾝｸﾞ代は、個人負担です。
宿泊代に含まれてしまっていて明細に掲載されない場合は、精算可。Ex）Ｂ＆Ｂ",13435,13,6861
3128877,"すでに精算済みの宿泊費で、カード引き落としが無いため
確認したら、現法で負担してくれていたことがわかった。
返金したいが、どう処理したらよいですか？",【過払返金処理】給与天引きしますので、THRへ連絡して下さい,13436,13,6862
3128878,"7月出発のエアチケット代を6月に購入。ＪＭＢ振替えではなく、旅行会社に請求書を発行してもらえば、6月計上できますか？
","7月出発のエアチケット代は、使用年月が「7月」のため
経費支払処理でも6月計上できません。",13438,13,6864
3128879,四半期決算月の処理について、教えて下さい。,"決算月の締め切りについて
　 4〜6月、7〜9月、10〜12月、1〜3月

〜〜  ex. ６月計上の場合  〜〜
■海外出張システム
　計算書の提出は、7/1午前中が締め切りです。
　7/2定時までにTHRで承認されたものが、６月計上となります。

※但し、帰国日が7/1以降のものは、7/2に最終承認しても７月計上になります。
※SAP『転記日について』は、逆に、6月帰国日分を7月計上にしたい場合は承認してしまうと6月計上になるため承認できません。
　
■経費支払・立替精算
7/3承認までが６月計上となります。伝票の提出は、7/1定時が締め切りです。
締め切り後の提出については、システム同様対応してください。
　
決算月に、掲示板にて締め切りについて掲載しますので、ご確認ください。",13439,13,6865
3128880,決算月をまたぐ出張時に、決算月分のみ先に計上したい場合は？,"途中精算となるので、海外出張システムではなく、立替精算（ＳＡＰ）となります。
もし領収書がコピーしかない場合は、後で差し替えとなりますので、最後の精算は、海外出張システムで行う。",13440,13,6866
3128881,"決算月に、出発日未定（4月以降の予定）の航空券を3月計上したいが
可能ですか？",上記のように、指定旅行代理店手配の航空券しか入手できないため、出発日が未定（来期)のものは今期に処理できません。なお、オープンチケットは購入できません。,13441,13,6867
3128882,年末年始の海外出張システムは？,"年末年始の出張旅費システム

2010/12/25〜2010/1/4は、THR承認はできますが、
ホストへのデータ送信はされません。
その間に承認されたデータについては、
1/5に承認されたものと同じタイミングで
ホストへ送信されますので、ご留意ください。

★右上に押印する日付印は、年始（2011/01/05）の日付を押すこと！",13442,13,6868
3128883,旅費交通費（宿泊費・日当）は、上海現法負担の場合の処理は？,"日当支給日数：　０日間
立替金合計：　　　　０円　（ゼロ精算）
システムの特記事項に、『旅費交通費（宿泊費・日当）は上海現法負担』と入力。これで、処理してください。",13443,13,6869
3128884,ハンドキャリーについて知りたい。,問い合わせ先：　ライブラリー掲載　物流部 ﾘｽｸﾏﾈｼﾞﾒﾝﾄＧ,13444,13,6870
3128885,予防接種の要・不要の判断は？,"TTCライブラリーに掲載している「海外安全ハンドブック」を参照。 
※要・不要は、本人判断としています。",13445,13,6871
3128886,"海外出張の際の予防接種（国内発生分）を収入印紙で
支払った場合の勘定科目は？","支払方法に関係なく、
A9199： 厚生費　雑口（課税）　海外出張の際の予防接種（国内発生分）
A9197：
　　　　",13446,13,6872
3128887,海外出張時の勤務表の入力は？,"ＴＴＣライブラリー「ワークルールハンドブック」に掲載されていますので確認下さい。
勤務表担当者へ聞いてください！

勤務管理システムでは、「海外出張」とチェックするボタンがあり、
「9:00〜17:45」自動入力され、みなし労働となります。
残業した場合は、上長が認めれば申請可。

日本のカレンダーで入力する。
日本の休日に現地で仕事をしたら、その日は休日出勤又は振替出勤扱いになります。
現地が稼動日なら、その日が日本の休日であっても仕事をするのが通常と考えます。",13447,13,6873
3128888,同一国長期出張の183日ルール（タイは180日）は？,TTCライブラリー掲載のこちらをご確認下さい。https://twins-a3.toyotsu.co.jp/AP0103/KeijiPub.nsf/vwDocNo-Link-Teikei/GG004981?OpenDocument,13448,13,6874
3128889,"長期（１ヶ月以上）の海外出張の場合は、精算はどうするの？
","原則、1ヶ月ごとに途中精算することになります。
途中精算する際に、通常の出張システムで精算してしまうと、帰国したことになってしまいます。
そのため、通常通り、海外出張費用計算書を作成したら、部署の方に計算書をメールで送付いただき、SAPの立替精算処理をして下さい。（国内の交際費等について立替精算するときと同じです）
また、領収書は必ずオリジナルを添付となりますので、部署宛に郵送してください。

「立替精算依頼書」に費用計算書と領収書を添付の上、ＴＨＲ各拠店の担当まで提出して下さい。

帰国された際は、最終の精算のため、通常通り、海外出張システムの精算届を作成して下さい。精算届作成時の出張期間は、実際の出発日・帰国日となりますが、
日当支給日数は、途中精算した日数を引いてください。
※タイの180日ルールについては、1-12月累計です。",13450,13,6876
3128890,指定旅行代理店は？,"TTCライブラリーにて掲載している、契約旅行代理店４社（トヨタツーリスト、阪急交通社、エヌオーイー、 ＭＯツーリスト）となります。　　　　　　　　　　　　　　　　　　　　　　　　　　　　
契約以外の代理店を利用したい場合は、人事部労務厚生室に直接相談して下さい。
",13451,13,6877
3128891,ビザ手続きは？,各部署で旅行代理店に直接依頼してください。,13452,13,6878
3128892,"退職後に、未精算が発覚したが、どうしたらよいか？
海外出張システムは、「精算届作成待」状態です。","部署の方に、立替金精算で処理して下さい。後日、立替金口座へ振り込みます。

部署の方に連絡し、計算書をもとにSAPの立替精算依頼書を作成して下さい。
派遣さんも退職後1〜2ヶ月くらいは、立替金口座の登録は、そのまま入金できますので、今月中の処理であれば、問題ありません。

出張届は、「出張中止」処理して下さい。

保険部に、未精算で退職したため、中止処理したことと、実際の出張期間を連絡してください。
",13453,13,6879
3128893,"豊田通商から関連会社へ転籍のため、2月末日で豊田通商を退職となるが、退職後の精算方法と振込はどうなりますか？
（海外出張の帰国日が「2月末日」、出張申請＆上長承認が「2月末日」完了）
2月末日分として夜間処理には間に合いますが、実際振り込む際には、退職しています。
","２月末日で退職されるので、翌日以降は、TWINSが利用できなくなります。
そのため、海外出張精算は、最終日までに必ず、システム申請していただく必要があります。
立替金口座のデータは、すぐには削除されませんので、承認は、退職日以降でも大丈夫です。ただ、いつまでも振込可能ではありませんので、早めに最終承認をして下さい。
１週間くらいを目処にしてもらえばいいかと思いますが、出向受入れと派遣は、削除のタイミングが早いようです。
退職日に必ず精算申請していただくようお願いします。",13454,13,6880
3128894,出張中止となったがどうすればよいか。,出張申請の最終承認後に電子申請「出張中止」をして下さい。,13455,13,6881
3128895,"出張申請をし、精算届を開けてしまったが・・・
実際は、出張中止になった場合、システム上、「ドラフト保存中」で残ってしまっている。",精算届を開ける（帰国したとシステムは認識される）と、「出張中止」というボタンはなく処理できません。→THRにてシスコムへデータ削除のメンテナンス依頼をしますので、THR各拠店の担当へ連絡して下さい。,13456,13,6882
3128896,"帰国日を過ぎると、「精算届けを出してください」と精算するまで督促メールが届く。
帰国日が延長になり、帰国日を修正したのですが、まだ督促メールが届くのは何故ですか？","豊通シスコムへ確認して下さい。

■お問い合わせ内容
出張届承認完了した後、帰国延長となった為、人事部にて帰国日を延長を行ったにも関わらず、精算督促メールが送信されている。

■原因について
精算督促メール送信判定は、以下の仕組みとなっています。
　・初回（出張届の帰国日より７日経過後、送信）
　・２回目以降（初回送信日より７日経過後、送信）

■対応について
初回送信をされていない状態に、当方にてデータコンバートすることで督促メールをストップすることが可能です。（申し訳ありませんがメンテナンス依頼書が必要となりますので、THR各拠店担当へ連絡して下さい。

",13457,13,6883
3128897,海外出張料金計算書のマクロが自動的に無効になるのはなぜ？,"エクセルのセキュリティレベルが『高』に設定されていると、マクロは自動的に無効になってしまいます。
マクロを有効にするかどうかのメッセージが表示されない場合は、
セキュリティレベルを『中』にして下さい。
セキュリティレベルは、エクセルの 「ツール」 → 「マクロ」 → 「セキュリティ」 で確認・設定できます。
",13458,13,6884
3128898,"海外出張料金計算書がマクロ設定で開かないのですが、どのようにしたら宜しいでしょうか？

","現在のTTCの標準PCは、WindowsXP/Office2003となっています。
そのため、Windows7・8/Office2010では、不具合が生じることがあります。

申し訳ありませんが、うまく作動しない場合は、offce2003をご利用下さい。
",13459,13,6885
3128899,エラーが発生して、出張申請が出来ません！,"ご利用いただいたＯＳ，インターネットエクスプローラのバージョンを確認してください。
海外出張旅費の動作保障環境としましては、Windows Xp + IE6となっています。
エラーの内容から、おそらくIE10をご使用されたと推測いたしますが、上記環境以外では思わぬ動作をする場合があります。
",13460,13,6886
3128900,海外出張中に、身内にご不幸があり、帰国する際の料金は？,業務命令で帰国するわけではないので、個人負担となります。,13461,13,6887
3128901,"海外駐在員の海外出張旅費を、日本の部署で負担して処理をしたい。
SAPの立替金精算で処理してくれますか？","駐在員の立替金精算は、現地処理です。
",13462,13,6888
3128902,"会議で「昼食代＋会議室使用料」が人数で按分された領収書のため
それぞれの明細金額は無く、詳細がわからない",A9295：　賃借料,13463,13,6889
3128903,航空保険特別料金（非課税）の勘定科目,A9161：　海外旅費,13464,13,6890
3128904,現行、通貨の一覧あるの？,http://ja.wikipedia.org/wiki/%E7%8F%BE%E8%A1%8C%E9%80%9A%E8%B2%A8%E3%81%AE%E4%B8%80%E8%A6%A7,13465,13,6891
3128905,承認者を変更したいがどうすればいい？,ＧＬ⇒出張申請を提出した方が変更できます。部長⇒出張申請を提出した方は変更できません。※この場合は、ＧＬに変更いただく。,13466,13,6892
3128906,お土産に対する関税の勘定科目は？,9311：海外諸税,13467,13,6893
3128907,役員出張規程は、TWINS掲載とは別にあるの？,内規があります,13468,13,6894
3128908,海外出張申請ルートについて、承認者を変更したいがどうしたらよいか？,電子申請の一つ前の人が変更可能です。例えば、承認者（GL）を変更したい場合は、提出者本人が変更、部長を変更したい場合は、承認者GLが変更可能です。,13469,13,6895
3128909,申請していた出張期間が変更になった、どうすればいいの？,各拠店のTHRへ連絡（メール可）して下さい。,13470,13,6896
3128910,海外出張申請したが、料金負担はなし（0円）でも、計算書は提出するの？,0円で提出して下さい,13471,13,6897
3128911,"長期出張で日当のみ途中精算したいとき
その場合の「帰国日」は？「レート」は？","長期出張の場合は、1ヵ月毎の精算が原則です。
電子申請は帰国するまで精算せず、立替金精算（ＳＡＰ）にて処理して下さい。
摘要欄に「出張No.」と「途中精算」と記入いただき、
日当分の費用計算書を添付

ｅｘ）3/1〜4/23の長期出張で、3月分を途中精算する場合
　　SAPに添付する計算書の帰国日は、3/31
　　そのレートは、3/31のレート
　　精算期間対象の最終日のレート",13472,13,6898
3128912,海外出張時に黄熱病の予防接種を現地で受けた。外貨で支払ったが精算はどのようにしたらよいか？,費用計算書で精算して下さい。勘定科目は9197厚生費となり、費用計算書では（その他）を選択して下さい。,13473,13,6899
3128913,勘定科目（その他）が2科目以上あり、電子申請できないがどうして？,その他欄は1科目しかできません。SAP立替金精算にて別途処理して下さい。,13474,13,6900
3128914,名古屋に宿泊をともなう研修に参加したが、その際の日当は支給されるか,会社主催の研修であれば支給しないが、外部主催であれば支給される,13475,13,6901
3128915,過去の出張旅費精算書（電子申請）が見たい。,THR各拠店担当へご連絡下さい,13476,13,6902
3128916,健康保険証を紛失したが、再発行されるまでにどれくらい時間かかるの？,再発行願い書を提出後、1週間前後かかる。,13477,13,6903
3128917,海外赴任中で印鑑がない場合、健康保険の被扶養者異動届の押印は？,海外赴任中は、押印はなくても可,13478,13,6904
3128918,扶養配偶者が就職したので扶養からはずす場合、国民年金第3号届出は必要か？,不要です。就職先で年金加入すると自動的に第3号は喪失となります。,13479,13,6905
3128919,高年齢者雇用継続給付金の受給までにどれくらい時間かかるの？,弁護士法人クローバーにてハローワークへ手続きをしてから、1～2週間かかります。,13480,13,6906
3128920,退職し失業保険手続きをしたいが、「離職票」はいつ送ってくれるの？,東京のみ2〜3週間かかる。退職説明時に案内しているが、委託先の弁護士法人ｸﾛｰﾊﾞｰから退職後の住所へ送ります。,13481,13,6907
3128921,受け取った健康保険証の生年月日が違う,クローバーへ提出した「扶養異動届」を確認し、本人記載事項に誤りある場合は再作成のうえ再提出いただきますので、メールにて弁護士法人クローバーへ連絡して下さい。,13482,13,6908
3128922,子供が生まれたので健康保険証がほしい,TWNIS「TTCﾗｲﾌﾞﾗﾘｰ」→「扶養」で検索のうえ、「扶養異動届」を委託先の弁護士法人クローバーへ提出して下さい。,13483,13,6909
3128923,健康保険証を紛失した,"TWNIS「TTCﾗｲﾌﾞﾗﾘｰ」を確認し、委託先の弁護士法人クローバーへ関係書類を提出して下さい。
https://twins-a3.toyotsu.co.jp/AP0103/KeijiPub.nsf/vwDocNo-Link-Teikei/T000818?OpenDocument",13484,13,6910
3128924,すぐに病院へ行きたいが保険証を忘れた、どうすればいいの？,仮証を発行しますので、各拠店のTHR担当へ連絡してください。,13485,13,6911
3128925,保険証が盗まれた,"TWNIS「TTCﾗｲﾌﾞﾗﾘｰ」を確認し、委託先の弁護士法人クローバーへ関係書類を提出して下さい。
https://twins-a3.toyotsu.co.jp/AP0103/KeijiPub.nsf/vwDocNo-Link-Teikei/T000818?OpenDocument",13486,13,6910
3128926,保険証の印字が薄くなった,"TWNIS「TTCﾗｲﾌﾞﾗﾘｰ」を確認し、委託先の弁護士法人クローバーへ関係書類を提出して下さい。
https://twins-a3.toyotsu.co.jp/AP0103/KeijiPub.nsf/vwDocNo-Link-Teikei/T000818?OpenDocument",13487,13,6910
3128927,年金手帳の基礎年金番号が知りたい,委託先の弁護士法人ｸﾛｰﾊﾞｰ（clover@pp.toyota-tsusho.com）名古屋本社内へ依頼下さい。,13488,13,6912
3128928,雇用保険の番号が知りたい,委託先の弁護士法人ｸﾛｰﾊﾞｰ（clover@pp.toyota-tsusho.com）名古屋本社内へ依頼下さい。,13489,13,6912
3128929,雇用保険被保険者証のコピーがほしい,委託先の弁護士法人ｸﾛｰﾊﾞｰ（clover@pp.toyota-tsusho.com）名古屋本社内へ依頼下さい。,13490,13,6912
3128930,年金手帳って会社にあるの？,会社で保管しています。委託先の弁護士法人ｸﾛｰﾊﾞｰ（clover@pp.toyota-tsusho.com）名古屋本社内へ依頼下さい。,13491,13,6913
3128931,ハローワーク（職安）へ教育訓練給付金を申請したいが、雇用保険番号と事業主印はどこへ依頼するの？,委託先の弁護士法人ｸﾛｰﾊﾞｰ（clover@pp.toyota-tsusho.com）名古屋本社内へ依頼下さい。,13492,13,6912
3128932,扶養してる妻の年金手帳は会社で保管してる？,保管していません。保管しているのは社員本人分のみです。,13493,13,6914
3128933,給与明細に記載されている扶養人数が違っている？,"平成23年分の所得税から扶養控除が次のとおり改正。
「一般の扶養親族のうち、年齢が16歳未満の人に対する扶養控除（38万円）が廃止」
これは、0歳から15歳までが児童手当の補助金対象としたことで、その財源を確保する意味合いでこの年齢層の所得税上の扶養控除は廃止となったものです。
よって16歳になったときにあらためて所得税の扶養対象となります。
",13494,13,6915
3128934,給与明細に記載されている扶養人数ってなに？,所得税法上の扶養人数となります。16歳未満は含まれていないので、健保の扶養人数とは異なります。,13495,13,6916
3128935,過去年分の源泉徴収票を再発行してもらいたいけど、東京でも発行可能か？,可能です。東京THR/東京人事G担当へ連絡して下さい。,13496,13,6917
3128936,自己都合退職する予定だが、退職金試算はしてもらえる？,毎年4月給与明細に退職累計ポイントが記載されていますので、退職規程をもとに計算して下さい。,13497,13,6918
3128937,役所発行の「住民税決定通知書」が欲しい。,THR名古屋/給与担当へ依頼して下さい。,13498,13,6919
3128938,診療室利用の「領収証」が欲しい,東京THR/東京人事G担当へご連絡して下さい。,13499,13,6920
3128939,源泉徴収票が欲しいが受信したメールを削除してしまった、再発行できるか？,再発行可能。名古屋THR/給与担当Gへ依頼して下さい。,13500,13,6921
3128940,28年分の源泉徴収票が送れらてこないが、いつもらえるの？,28年分よりメール配信に変更しました。28年12月23日のTTC/TWINS登録のアドレスをご確認下さい。,13501,13,6922
3128941,源泉徴収票がメール配信されたが、確定申告に使えるのか？,使えます。帳票下段に「公的書類として有効」と記載あり。,13502,13,6923
3128942,自分のマイナンバーを教えてほしい,ご自身で住民票のある役所にて、マイナンバー表記ありの住民票をとれば確認できます。,13503,13,6924
3128943,引越して通勤費が変わるが、いつまでに通勤費申請するの？,公共交通機関利用の場合は1ヵ月の定期代を支給します（当月1日〜月末の1ヵ月分が、当月給与にて支給される）、住所届も変更して下さい,13504,13,6925
3128944,過去分（昨年度以前）の源泉徴収票を発行してほしい,名古屋THR給与担当へ依頼して下さい。（お急ぎの場合は東京でも対応します）,13505,13,6926
3128945,保育園入所に伴う役所へ提出するため、証明書（勤務/育休）が欲しい,名古屋THR/厚生G担当へ依頼して下さい。,13506,13,6927
3128946,傷病積立有休の残日数はどこで確認できるの？,"直近の勤務表の残余有休休暇閲覧で確認できます。
※就業規則第49条（傷病休暇）
勤続3年目以上の社員は、毎年4/1に失権する年次有給休暇を傷病休暇引当として積み立てることができます。但し、次の積立日数を限度。勤続3年目（10日）、4年目（25日）、5〜10年目（30日）、11年目以降（50日）
",13507,13,6928
3128947,健康保険の出産育児一時金/付加金はいくら支給されるの？,"出産育児一時金420,000円+健保独自の付加金30,000円が支給されます。",13508,13,6929
3128948,健康保険の出産育児一時金/付加金の申請手続きは？,医療機関で「直接支払制度」（健保が医療機関に一時金を支払う方法）を申請して下さい。差額は別途振り込まれます。,13509,13,6930
3128949,育児休暇を数日間取得したが、男性社員も「復帰面談」はあるの？,原則はありません。但し、長期間（1ヵ月以上）の場合は面談します。,13510,13,6931
3128950,産前産後および育児休業期間は、里帰り出産するなど一時的に所在地が変わる場合は？,"TWINSの「TTCライブラリー」→「住所変更届」で申請して下さい。
なお、海外の場合は、郵送物が受け取れる日本の住所（実家等）を申請して下さい。（産前産後休業中は問題ないが、育休期間は給付金申請があります）",13511,13,6932
3128951,育児休業終了予定日の変更は1回だけか？,原則１回に限り、終了予定日を繰下げ変更できます。（育児休業第9条）,13512,13,6933
3128952,妻の出産に伴い、慶弔休暇（2日）取らずに育児休暇取得しても良いの？,良い。但し、慶弔休暇は有給だが、育児休業は無給となります。,13513,13,6934
3128953,育児休業に伴い、雇用保険給付金申請書類は、いつごろ、誰から案内されるの？,育児休業開始月初めに、申請書類が委託先（クローバー）よりご自宅へ郵送されます。,13514,13,6935
3128954,育休開始したら、無給になったら、国から給付金でるの？,育児休業開始日より約2ヵ月後に雇用保険の育児休業給付金が支給されます。手続き関係書類は弁護士法人クローバーより自宅へ郵送します。,13515,13,6936
3128955,育児休業中だが、1年齢を過ぎても保育園に入所できないので、雇用保険給付金延長申請する場合、関係書類はなにが必要なの？,入所申込書（写し）、役所発行の保育所「入所不承諾通知書」が必要となります。,13516,13,6937
3128956,保育園入所について役所に問い合わせしたところ、定員超過などで入所が難しいと言われたので、入所手続きしなかったが、雇用保険給付金の延長はできるの？,延長はできません。なお、入所手続きは、市区町村により申込受付日が異なるので注意（例えば、毎月1日が入所希望）が必要です。ご自身で役所へ確認して下さい。,13517,13,6938
3128957,育休中（無給）の住民税は自分で振り込むと聞いたが、給与明細書で確認できるの？,育休中は給与は無給になるため、住民税はTTCが立て替えて役所へ納付しています。毎月ご自身でWEB「給与明細書」にて確認のうえ、TTC口座へ振り込んで下さい。,13518,13,6939
3128958,休職中はTWINS見られるの？,可能です。定期的にメールチェックしていただき、パスワード変更もおこなって下さい。,13519,13,6940
3128959,産前産後休暇、育児休業中の勤怠システムの休暇申請は自分でやるの？,不要です。産前産後/育児休業休暇申請書（傷病休暇積立充当分を含む）を提出いただければ、THRにて代理申請します。,13520,13,6941
3128960,育休（産休）中に社内研修受講は可能か？,可能です。育児（介護）休業期間中においても、本人の希望に基づき、社内研修の受講の機会を制度として導入しています。　　但し、母性保護の観点から産前産後休暇中はできません。,13521,13,6942
3128961,産前/産後/育児休暇を申請したいが、出産予定日には上長が変わるが、誰に申請するのか？,申請時の所属長へ申請して下さい。,13523,13,6944
3128962,育休中の持株会の給与天引きはどうなるの？,無給月より持株会は休止となります。復職後、名古屋THR担当へ再開の申請をお願いします。,13524,13,6945
3128963,急遽、TTC社内TOEIC検定が当日受験できなくなった。,研修イベント受講画面上でキャンセル処理をしてください。（本人がキャンセル処理できない状況の場合はこちらで『代理キャンセル』処理をする。）,13525,13,6946
3128964,TTC社内TOEIC検定の受験拠点変更をお願いしたい。,こちらで現申込の『代理キャンセル』及び変更希望拠点の『代理申込』処理を致します。その際、自動配信されるメール内容（※拠点）を必ず確認し、万が一、不備あればご一報ください。,13526,13,6947
3128965,TTC実務知識講座のスクーリングの日程変更をしたい。,"メールにて科目・日時・拠点について,現申込内容と変更依頼内容を連絡ください。
こちらで『代理キャンセル』及び『代理申込』処理を致します。その際、自動配信されるメール内容必ず確認し、万が一、内容不備あればご一報ください。",13527,13,6948
3128966,TTC実務知識講座の修了テストの日程変更をしたい。,"メールにて科目・日時・拠点について,現申込内容と変更依頼内容を連絡ください。
こちらで『代理キャンセル』及び『代理申込』処理を致します。その際、自動配信されるメール内容必ず確認し、万が一、内容不備あればご一報ください。",13528,13,6948
3128967,健康保険証受け取り時期について,必要書類揃い（内容不備無し確認）次第一週間程度の予定。,13529,13,6949
3128968,連帯保証人設定について,収入を一にしない別世帯の方を2名。,13530,13,6950
3128969,連帯保証人設定について、同世帯だが扶養外（不動産等収入有）の妻を設定することは可能か？,可能。,13531,13,6951
3128970,住民票の届け出先について、海外への転居届は可能か？,不可。日本国内居住者での採用（現地採用・海外赴任でない）であり、国内居住者として給与支給する為、非居住者となることは認められない。,13532,13,6952
3128971,名古屋の弁護士法人ｸﾛｰﾊﾞｰから封書が届いたが、弁護士事務所とはなにか？,"2016年4月より社会保険業務を委託している社労士常駐の法人です。
委託先（ｸﾛｰﾊﾞｰ）より雇用保険失業給付関係書類をお送りしています。",13533,13,6953
3128972,豊田通商の健康保険は継続できるの？,"退職日以前に被保険者期間が2ヵ月以上（＝入社2ヵ月以上）あれば、
継続加入できます。（最高2年間）
但し、申込期限が退職後20日以内のため、できるだけは早めに手続き下さい。",13534,13,6954
3128973,豊田通商の健康保険料はいくらかかるの？,"在職時保険料の約2倍となります。（上限42,640円⇒2017.3.1現在）
※本人の退職前賃金or全加入者の平均賃金の低いほうが保険料です。
http://toyotsu.or.jp/kenpo/retirement_keizoku",13535,13,6955
3128974,退職後の健康保険はどうなるの？,"直ぐに再就職される方⇒再就職先の健康保険に加入となります。
就職されない方、再就職までに期間のある方⇒�〜�のいずれかを選択下さい。
�親族の扶養家族となり認定をうける　�国民年金保険　�豊田通商の任意継続保険",13536,13,6956
3128975,退職後の健康保険加入は、国民健康保険と任意継続保険ではどちらが安いの？,"国民健康保険は、前年の年収で計算となるため、住民票のある役所へご自身で確認のうえ、豊通健保任意継続保険と比較し決定下さい。
豊通健保は、在職時保険料（40歳以上は介護保険を含む）の約2倍となります（上限42,640円/月）
なお、在職時の保険料は直近の給与明細書にて確認できます。",13537,13,6957
3128976,豊田通商健保を任意継続したが、保険証はいつ届くの？　届くまでの保険証は？,"退職日後に、健保からご自宅に、案内書と振込用紙が届くので、ご自身で保険料を振込む→健保で入金確認→自宅へ「保険証」が郵送されます。
新保険証が届くまで、現保険証を使用して下さい（新保険証が届いたらTHRまたは豊通健保へ返却下さい）
なお、初回の健保からの送付書類は、案内書と保険料請求書が送られてくるだけで、「新保険証」が同封されているわけではありません。",13538,13,6958
3128977,地方税（住民税）を退職年に支払ったはずなのに、翌年も役所より納付請求が届いたのはなぜ？,請求支払ったのは退職年の前年分収入に対しての税金であり、翌年の請求は退職年分です。,13539,13,6959
3128978,海外転勤により家族帯同となるが、配偶者の失業給付延長の手続きはどうするの？,退職後30日以内に居住地のハローワークで「受給期間延長申請書」を提出すれば最長1年間受給期間を延長することができます（代理人でも可）,13540,13,6960
3128979,給与天引きしている保険（がん、生命保険、損害保険、自動車保険）の手続きは？,"退職日頃に豊通保険ﾊﾟｰﾄﾅｰｽﾞ（TIP）より関係書類が届きますが、お急ぎの場合はご自身でフリーダイヤルへお願いします。
（自動車保険0120-181-763、がん0120-820-8820、総合保障・火災0120-676-350）
但し、団体扱い生命保険のみTHR名古屋豊通サポート部厚生G052-584-5036へ連絡して下さい。",13541,13,6961
3128980,OB会（OB会）に入会すると損保（ﾏｲﾗｲﾌ）保険料が安くなるの？,豊楽会に入会すると、ﾏｲﾗｲﾌ保険料が団体扱いとなるため、個人払いより安くなります。,13542,13,6962
3128981,ﾄｰﾒﾝOB会(旧友会）は、まだ存在しているの？,存続しており、旧ﾄｰﾒﾝ社員のみ、旧友会より個別にご案内しています。,13543,13,6963
3128982,海外在留中に退職金を受け取る場合、税金と申告手続きは？,"退職金支払時は非居住者は、「非居住者の分離課税」を適用となるため、退職金総額のうち国内勤務にあたる金額について、20.42％の所得税が控除されます。
「分離課税」となった場合、選択課税の制度により「分離課税」と「確定申告による精算」との選択が可能。「確定申告による精算」とは居住者と同様の税金となるよう精算されます。
「納税管理人」の届出をし5年以内に確定申告して下さい。",13544,13,6964
3128983,退職するが、共済会餞別金はいくら貰えるの？また、いつ、どこに振り込まれるの？,"会員期間が、1年未満＝支給無、1年以上2年未満＝1万円、2年以上5万円未満＝2万円、5年以上10年未満＝4万円、10年以上15年未満＝8万円
※注意：2006.4.1発足（合併時）のため、それ以前の入社の方は2006.4.1からとなります。
また、退職日頃に立替金口座へ振り込まれます",13545,13,6965
3128984,OBOB会の入会手続きしたい（退職説明の実施日前に入会）,"入会届をお渡しするので、入会金3,000円を添えて、ご提出下さい。",13546,13,6966
3128985,OB会（OB会）入会すると会費や年会費などいくらかかるの？,"入会金3,000円です。年会費、月会費などはありません。
但し、懇親会に参加する場合は別途費用がかかります。",13547,13,6967
3128986,退職後、雇用保険（失業保険）を受給したいが、手続きはどうすればいいの？,"（退職後14日頃までに）会社（委託先：弁護士法人ｸﾛｰﾊﾞｰ）からご自宅へ「離職票」と「手続き案内」が送付されます。
⇒（離職票が届いたら）必要書類を揃え、居住地所轄のハローワークで求職申込みをして下さい。
⇒（ハローワークで失業認定後）待機期間7日間後に支給開始。但し、自己都合退職はﾌﾟﾗｽ3ヵ月の給付制限後に支給開始となります。",13548,13,6968
3128987,雇用保険の離職票はいつ送られてくるの？,2週間前後かかります。弁護士法人ｸﾛｰﾊﾞｰから直送します。,13549,13,6969
3128988,退職証明書は、いつ発行されますか？,退職月の月末頃に、THR名古屋/担当より、退職日の住所へお送りします。,13550,13,6970
3128989,雇用保険の失業保険をもらうと、国の年金はもらえないの？,失業給付を受給している期間は、国の老齢厚生年金は全額支給停止となります。,13551,13,6971
3128990,高年齢雇用継続給付をもらうと、国の年金はもらえないの？,"在職老齢年金の適用を受け、なおかつ雇用保険の高年齢雇用継続給付を
受給している期間は、老齢厚生年金は減額となります。",13552,13,6972
3128991,定年60年齢（再就職しない）で退職するが、扶養している妻（60年齢未満）の手続きは何かある？,"在職中に配偶者が「国民年金第3号被保険者」で、60歳未満の場合は、「国民年金　第1号被保険者」への加入手続きを居住地の役所で行って下さい。（28年度保険料：16,260円/月）",13553,13,6973
3128992,最終出勤日以降は、全て「有休」取得となるが、勤怠ｼｽﾃﾑはどうすればいいの？,有休は事前申請できます。,13554,13,6974
3128993,退職金の振込口座を変えたい,"退職月の10日までにTTCﾗｲﾌﾞﾗﾘｰにてTHR名古屋へ提出して下さい。
（賞与支給がある方は、それまで閉鎖しないこと。本人名義であること（但し、既婚者は旧姓でもOK））",13555,13,6975
3128994,確定拠出年金手続きはどうやるの？,"管理会社JIS＆Tより手続き案内が自宅に送付される。ご自身で受け取り時期、受け取り方法を（年金or一時金）選択して下さい。
※入社3年までは、会社が拠出分を一時金として支払う。退職者がJIS＆Tの口座開設の手続きをとることにより、拠出分は会社に戻り、運用利益分は退職者に戻ります。
今後の手続き案内が送られてくるだけで、「裁定請求書」が同封されているわけではないことにご注意下さい。",13556,13,6976
3128995,豊田通商企業年金基金の受け取り方法は、一時金？年金？,"・加入者期間（20年以上の方）
⇒「一時金」：退職の約1ヵ月後に基金より指定口座へ振り込まれます。
　「年金」：満60歳から標準年金の受け取りができます。
・加入者期間（20年未満の方）
⇒「一時金」：退職の約1ヵ月後に基金より指定口座へ振り込まれます。
　「年金」：脱退一時金相当額を企業年金連合会へ移管し、年金として受け取りができます。",13557,13,6977
3128996,退職後、雇用保険の失業給付手続きすれば、すぐに支給されるの？,弁護士法人ｸﾛｰﾊﾞｰより「離職票」が届いたら、居住地のハローワークで求職申込みをして下さい。失業認定後、待機期間7日間、自己都合退職はプラス3ヵ月の給付制限後支給開始となります。,13558,13,6978
3128997,退職後は独立（自営）するが雇用保険（失業保険）受給できるの？,"労働の意思意欲がある（＝働きたいと思ってる）、労働できる能力がある（＝健康）、現に職がない（＝失業中）等の要件により手続きすれば受給できる。
※原則として離職日以前1年間に被保険者期間が通算して12ヵ月あること",13559,13,6979
3128998,雇用保険の高年齢雇用継続給付ってどんな制度？,60歳以上65歳未満の一般被保険者で、60歳時点に比べて賃金が75％未満に低下した場合かつ上限未満の場合で継続して働いている方に対して給付金を支給する制度です。,13560,13,6980
3128999,退職後に自分で確定申告するの？,"年内に再就職する場合は、「給与所得の源泉徴収票」を再就職先へ提出することで年末調整で精算されるため、確定申告は不要です。
年内に再就職しない場合は、翌年2/16〜3/15に居住地の税務署で確定申告が必要です。",13562,13,6982
3129000,退職月の残業代は、いつ支払われるの？,退職月翌月の給与で支払われます。,13563,13,6983
3129001,ｶﾌｪﾃﾘｱﾌﾟﾗﾝ（ﾏｲｽﾀｲﾙ）の提出は、退職月に提出しても支給されるの？,退職月15日までに名古屋THR/厚生G担当へ提出され、且つ、書類内容に不備がなければ給与口座に支給されます。,13564,13,6984
3129002,退職日までに社宅を退去しないとダメ？,遅くとも退職の1ヵ月前までにTTCﾗｲﾌﾞﾗﾘｰより「退去届」を提出し、退職日後1ヵ月以内に退去してもらいますが、役員転籍など会社都合による退職の場合は特例もあるため名古屋THR/厚生G担当へ確認して下さい。,13565,13,6985
3129003,ﾍﾞﾙﾌﾗﾜｰｶﾝﾄﾘｰ倶楽部（GOLF）「BELLｼﾆｱ会」に入会したい,"定年退職者または転籍者で、居住地が東海地区の方のみ案内しています。
東京では案内していないため、名古屋THR/退職担当へ連絡して下さい。",13566,13,6986
3129004,退職するが、TTCｱｶｳﾝﾄは、どうすればいいの？,ご自身でTWINSよりﾍﾙﾌﾟﾃﾞｽｸへ確認して下さい。,13567,13,6987
3129005,退職セレモニーは誰が対象なの？,"勤続年数（20年以上）で60歳定年の人は全員対象です。
※対象者には、名古屋THR/厚生G担当より、個別に案内します。",13568,13,6988
3129006,定年退職の場合でも退職願（届）は提出するの？,"届出は不要です。
（年明け次年度の定年退職者のいる部署に、人事部よりご本人に再雇用の意思があるかを確認してもらうように依頼される⇒再雇用の場合は定年月2ヵ月前に再雇用契約、定年退職の場合は自動的に退職手続きにします）",13569,13,6989
3129007,55年齢以上で退職する場合、退職金支給率は会社都合か？,1号扱い（会社都合）となります。,13570,13,6990
3129008,退職月に診療室を利用したが給与天引きできるのか？,翌月給与がないので天引きできません。退職月の最終出勤日に現金で東京THRへ支払って下さい。,13572,13,6992
3129009,OB会（OB会）は、退職後でも加入できるか？,いつでも加入できる。豊楽会（名古屋THR厚生G）へ直接連絡して下さい。,13573,13,6993
3129010,社章を紛失した。どうすればよいか？,社章紛失届を提出いただきます。届出書はメールで送りますので、THR退職担当へ連絡して下さい。,13574,13,6994
3129011,嘱託契約満了日の前に退職したいが、手続きはどうすればよいか？,自己都合退職となるので、1ヵ月前までに「退職願（嘱託用）」を上長へ提出して下さい,13575,13,6995
3129012,退職願いを提出したが、いつごろ説明してもらえるの？,"退職願⇒退職予定報告書（上司作成）⇒人事部決裁⇒名古屋THR書類準備⇒各拠店送付⇒説明となるので、最短でも2週間程度かかります。
関係書類の準備が整い次第、THRの各拠店担当よりご連絡しますのでお待ち下さい。",13576,13,6996
3129013,退職金と税金を教えてほしい？,名古屋THR/給与G担当へお問い合わせ下さい,13577,13,6997
3129014,退職するが持株会はどうなるの？,退職に伴い持株会は退会となります。TWINSより福利厚生ﾗｲﾌﾞﾗﾘｰの添付資料「退職予定の方へ」をご参照の上、退会手続き下さい,13578,13,6998
3129015,損害保険や生命保険は継続できるの？,継続できる保険とできない保険があるため、退職日頃に豊通保険ﾊﾟｰﾄﾅｰｽﾞ（TIP）からへご本人へ案内が届きます。急ぐ場合はご自身でTIPへ確認して下さい。,13579,13,6999
3129016,コーポレートカードを退職後も継続したい。,豊田通商社員としてのカードなので継続できません。,13580,13,7000
3129017,退職後の賞与について、所得税、健康保険、介護保険、厚生年金、雇用保険は控除されるの？,所得税のみ控除されます,13581,13,7001
3129018,退職後も診療室を利用できるの？,拠店に勤務する社員の福利厚生のための診療所です。退職後はお近くの専門医療機関を受診下さい。,13582,13,7002
3129019,任意継続を希望するが、いつでもやめられるの？,保険料を滞納したときや、再就職、死亡したとき、任意継続被保険者となってから2年が経過したとき、75歳になったとき（後期高齢者医療制度に加入します）にやめられます。,13583,13,7003
3129020,任意継続するとどんな給付が受けられるの？,在職中と同じく、法定給付（出産手当金、傷病手当金は除きます）と付加給付を支給します。,13584,13,7004
3129021,在籍のときと比べて、任意継続保険料はどうして高いの？,一般保険料、介護保険料ともに事業主分を含めた全額を負担します。,13585,13,7005
3129022,退職後に引越する予定だが、連絡する必要あるの？,"転居先が確定したら、必ず名古屋THR給与G（052-584-5288）へ連絡して下さい。
※退職後に送付する書類があります。",13586,13,7006
3129023,コーポレートカードは、どこへ返すの？,名古屋THR厚生G担当へ社内便にて「脱会届」「カード」を返却して下さい。,13587,13,7007
3129024,退職するが年金手帳はどこにあるの？いつ返してくれるの？,会社で保管しています。退職日までにご返却します。,13588,13,7008
3129025,扶養している妻の年金手帳は会社で保管してますか？,ありません。会社にあるのは社員分のみです。,13589,13,7009
3129026,人材派遣で期間満了となるが、社員証は誰に返却すればいいの？,"名古屋THR厚生G（水谷さん）へ返却して下さい。
",13590,13,7010
3129027,任意継続したのに、最終給与で保険料2ヵ月分控除されたがどうして？,当月分を翌月給与天引き（1ヵ月遅れ）で給与天引きしています。退職月は翌月給与がないため控除することができず、最終給与で精算しています。,13591,13,7011
3129028,退職月の給与で地方税（住民税）が高くなったのはなぜ？,今年度分が一括徴収となるためです,13592,13,7012
3129029,NS受入をしたいけど、どのような手続きが必要か知りたい。,"ライブラリーでnsを入力・検索し、【海外事業体からの出向受入】のガイドラインをご確認ください。
https://twins-a3.toyotsu.co.jp/AP0103/KeijiPub.nsf/vwDocNo-Link-Teikei/T051749?OpenDocument",13780,13,7138
3129030,NS出向受入について、「在留資格認定証明書」と「査証（＝VISA）」の申請は？,"ライブラリーでnsを入力・検索し、【海外事業体からの出向受入】の入国手続きガイドラインをご確認ください。
https://twins-a3.toyotsu.co.jp/AP0103/KeijiPub.nsf/vwDocNo-Link-Teikei/T051749?OpenDocument",13781,13,7139
3129031,NS出向受入について、語学研修の補助内容は？,"ライブラリーでnsを入力・検索し、【海外事業体からの出向受入】の出向受入ガイドラインで、各種補助をご確認ください。
https://twins-a3.toyotsu.co.jp/AP0103/KeijiPub.nsf/vwDocNo-Link-Teikei/T051749?OpenDocument",13782,13,7140
3129032,NS出向受入について、入居先物件の選定は？,"ライブラリーでnsを入力・検索し、【海外事業体からの出向受入】のその他準備で、「住宅及び家具リースの選定について」をご確認ください。
https://twins-a3.toyotsu.co.jp/AP0103/KeijiPub.nsf/vwDocNo-Link-Teikei/T051749?OpenDocument",13783,13,7141
3129033,NS出向受入について、発令日後の入国はいつ？,入社日は1日付です。必ずそれより前の日に入国をするように調整をしてください。,13784,13,7142
3129034,NS出向受入について、NSの受入期間は？,任期は1年以上が原則です。,13785,13,7143
3129035,NS出向受入について、国内再出向は？,出向期間中に、TTCより国内関連会社へ再出向することは原則禁止です。,13786,13,7144
3129036,働き方海外施策について、海外出向者は帰任してから在宅勤務申請できますか？,"原則、在宅勤務制度利用時の所属長の許可を前提としております。
帰任される４月以降に申請を頂くよう、お願い致します。
また、出向者は申請対象外のため、海外出向中は、申請することができません。",13787,13,7145
3129037,休暇について、リフレッシュ休暇、勤怠コピーの提出は上長承認後しか提出できない（月初になってしまう）,勤務管理表の取得日に有休（リフレッシュ休暇）または特別休暇（リフレッシュ休暇）と入力し、画面をプリントアウトして上長承認箇所余白に押印頂く,13790,13,7148
3129038,社宅・寮について、利用料は日割り計算されるのか？,日割りは行いません,13791,13,7149
3129039,社宅・寮について、〇月〇日に入居又は退居を考えているが、利用料は発生するのか？,原則「入居月発生・退居月無し」但し定期異動時期のみ「3月20日以降の入居発生」,13792,13,7150
3129040,勤務管理システムの勤務表の承認申請を海外出張中の上司にしてしまった。どうしたらいいか？,海外出張中でもTWINSが見れる環境であれば承認可。もし出来ない場合は「人事特別却下」するので、改めて代理（Ｌ以上）に申請してください。,13793,13,7151
3129041,源泉徴収票が欲しい。,12月にTHR給与Gより電子メールでＰＤＦが交付されているのでメールを確認ください。,13794,13,7152
3129042,国内出張精算の料金負担コードを間違えた。承認＆精算済みだが修正できるか？,THR担当者へ連絡し、DENPで修正を依頼してください。,13795,13,7153
3129043,コーポレートカードを解約するには？,"コーポレートカード退会届とハサミを入れたカードをTHR名古屋担当へ提出してください。
https://twins-a3.toyotsu.co.jp/AP0103/KeijiPub.nsf/vwDocNo-Link-Teikei/GG006094?OpenDocument",13796,13,7154
3129044,OB会（OB会）に、入会したい。,入会に必要な書類を事務局より送付いたしますので、豊楽会（052-584-5945）へご連絡下さい。,13797,13,7155
3129045,健康保険について、健康保険証の代わりを発行してほしい。,THR各拠店（名古屋・東京・大阪）担当へご依頼下さい。,13798,13,7156
3129046,海外駐在員について、現地で手術をしたい（高額医療の申請）。,人事部、産業医と総合的に判断するため、状況を人事部へご連絡ください。,13799,13,7157
3129047,海外駐在員について、海外現地で出産をしたい。,人事部、産業医と総合的に判断するため、状況を人事部へご連絡ください。,13800,13,7157
3129048,大阪支店のプロジェクターはどこにありますか？,大阪支店９Ｆのキャビネットに入っています。,13801,13,7158
3129049,茨木社宅の入居者より「洗面所が水漏れしているようだが、どうしたらいいか？」,ＴＯＳ（豊通オフィスサービス）担当者へご連絡して下さい。,13802,13,7159
3129050,出向者だが勤務管理システムを申請しようとしたらエラーになってしまう。,カレンダーチェック区分を「非対象」にしてください。,13803,13,7160
3129051,国内引越について、赴任先住所が決まっていないが引越手配は進められるか？,赴任先住所が決まっていなくても進められます。住所欄は拠点のみご記入頂き依頼書をご提出、業者との打ち合わせを進めてください。,13804,13,7161
3129052,車庫証明が欲しい、どのようにしたらよいですか？,ＴＨＲに来て頂ければ発行致します。,13805,13,7162
3129053,MY STYLE（カフェテリアプラン）申請期限について,領収書日付の次の月末まで,13806,13,7163
3129054,カフェテリアプランについて、教えてほしい,2016.6月のシステム変更に伴いお問合せ先が変更となりました。ＷＥＬＢＯＸセンター　０１２０−９６４−５４５へお問合せください。,13807,13,7164
3129055,MY STYLE（カフェテリアプラン）について、どんなものが使えますか？,ＷＥＬＢＯＸのカフェテリアマニュアル／補助申請のメニュー一覧をご覧ください。,13808,13,7165
3129056,国内出張について、国内出張旅費システムの利用対象者は？,国内勤務の正社員・嘱託社員・出向受入社員・派遣社員（国内出向者含む）です。,13809,13,7166
3129057,国内出張について、所属部署の初期設定は？,"その時点での所属部署となります。
異動、組織変更があった場合は自動的に変更されます。",13810,13,7167
3129058,国内出張について、承認者の初期設定は？,直属の上長となります。,13811,13,7168
3129059,国内出張について、料金負担先の初期設定は？,所属部署（グループ）となります。,13812,13,7169
3129060,国内出張について、料金負担先の部署承認者は？,直属の上長が選択されています。,13813,13,7170
3129061,国内出張について、承認者の変更の仕方は？,"承認者変更ボタンをクリックし⇒今回のみ変更もしくは次回以降も記録のどちらかを選択⇒該当の承認者を選択（L職以上の方）
※次回以降も記録にすると部署異動になっても自動で新上長へ変更にならない為、ご自身で再度正しい上長へ再度変更が必要となります。",13814,13,7171
3129062,国内出張について、申請内容に不備がるので内容変更したいが上長が不在の為差戻ししてもらえません。どうしたら良いですか？,"国内出張旅費担当者へご連絡下さい。
担当者が「却下」するので、データの修正を行い、再申請して下さい。
その際に上長へ申請依頼メールが無効になっていることをご本人様からご連絡をお願いします。",13815,13,7172
3129063,"国内出張について、4月1日で承認者が異動しました。
3月分の内容で申請していますが、新承認者で大丈夫ですか？",本来は申請内容遂行時に上長である方が「承認者」となるべきですが、新承認者でOKです。,13816,13,7173
3129064,"国内出張について、申請後に海外へ赴任しました。
精算が完了する前に赴任した場合、精算の手続きはされますか？","はい、赴任者の申請が終わっていれば承認されます。
",13817,13,7174
3129065,"国内出張について、申請後に海外へ赴任しました。
内容に不備があり、却下されたのですが国内出張システムにアクセス出来ません。どのように精算依頼したら良いですか？","海外赴任者は国内出張システムのアクセス権がありません。
該当の領収書を赴任前の部署の方へ送り、代理で立替金精算書の作成をお願いして下さい。",13818,13,7175
3129066,"国内出張について、海外赴任先に着任後、国内旅費の申請忘れを思い出しました。
国内出張システムに入れないのですが、どのように精算依頼したら良いですか？","海外赴任者は国内出張システムのアクセス権がありません。
該当の領収書を赴任前の部署の方へ送り、代理で立替金精算書の作成をお願いして下さい。",13819,13,7175
3129067,"国内出張の承認責任者です。
申請者からの承認依頼メールを誤って削除してしまい、承認が出来ません。どうしたら良いでしょうか？","国内出張旅費システムの承認タブをクリックしてください。
承認者の「未承認分」が表示されます。",13820,13,7176
3129068,国内出張システムで自分が申請した履歴は過去どこまで確認できますか？,3ヶ月で「精算が完了したもの」「却下したもの」画面から消えます。,13821,13,7177
3129069,国内出張について、決算月の場合、いつまでのものが当月計上になりますか？,"決算月（3,6,9,12月）は翌月第２営業日17時までに上長承認を得られたものです。
※それ以外の月は翌月第１営業日17時まで",13822,13,7178
3129070,国内出張について、申請した旅費はいつ立替金口座へ振込まれますか？,国内出張旅費担当者が承認（定時中）した日から２営業日後に振込まれます。,13823,13,7179
3129071,"国内出張について、今月末で退職なのですが、上長が海外出張中の為「未承認」のままの申請があります。
このままにしておいても問題ありませんか？","申請者退職後でも「承認」は可能です。
但し、内容不備で「却下」された場合、退職後に再度申請が出来ません。
申請内容に間違いがないようご注意ください。",13824,13,7180
3129072,"国内出張中に体調不良で帰宅しました。
この場合、日当は付きますか？","はい、日当支給されます。
（帰宅日までの日数分）移動した間、会社に拘束されていると考えられる為です。",13825,13,7181
3129073,国内出張について、研修の場合日当は付きますか？,"業務上必要な社外講習・実習のために出張する場合は支給されます。
会社主催の集合研修に参加するための出張の場合は日当支給はありません。",13826,13,7182
3129074,国内出張にて、TTC社内の研修に、「講師」として出張する場合、日当は付きますか？,講師としての出張の場合、支給されます。,13827,13,7183
3129075,"国内出張について、帰りが遅くなり、出張先で宿泊しました。
翌朝、始業前に戻りましたが、翌朝分の日当は付きますか？","遅くなった理由が業務によるものであれば、翌日分も日当支給されます。
",13828,13,7184
3129076,"国内の日帰り出張で、業務+懇親会で11時間以上になった場合の
日当はいくらですか？","業務上強制されない懇親会は私用扱いの為、その時間はカウントされません。
その為、業務にかかる時間が11時間未満になる場合、日当は2600円となります。",13829,13,7185
3129077,"国内出張について、翌日の打合せが早朝で始発だと間に合わない為、前泊しました。
この場合は移動のみの日でも日当は付きますか？",はい、業務上前泊が必要な場合は移動のみであっても日当は支給されます。,13830,13,7186
3129078,国内出張について、日帰り日当の所要時間は自宅を出た時刻からの計算ではダメですか？,"所要時間算出の出発又は帰任の時刻は「所属店最寄駅（主要幹線）出発又は到着」の時刻です。（東京は品川駅が基本）
但しご自宅から出張地へ直行する際、所属店最寄駅への移動が非効率な場合、主要幹線を「主要駅」と読みかえてもよく、新幹線、特急の発着駅（東京・上野・新宿・新横浜等）の発着時間も認められます。
※ご自宅最寄駅ではありませんのでご注意ください。",13831,13,7187
3129079,"国内出張について、訪問先A社からB社へ移動、商談後に会社へ戻りました。
会社⇒A社（75ｋｍ）　会社⇒B社（50ｋｍ）　A社⇒B社（105ｋｍ）
この場合100ｋｍ超での日帰り出張扱いになりますか？",片道100ｋｍ以上の距離でなければ出張扱いにはならない為、この場合は「外出」となり日当は支給されません。,13832,13,7188
3129080,国内出張の接待ゴルフで前泊した場合、宿泊費・日当は付きますか？,"接待ゴルフは業務/出張とはみなしません。「交際費」での処理となります。
よって日当は支給されません。
接待ゴルフに関わる宿泊費・交通費は実費を「交際費」で精算下さい。",13833,13,7189
3129081,"国内出張について、1週間出張で同じ地にいました。
この場合は長期出張になりますか？","長期出張とは同じ地に1ヶ月以上滞在した場合となります。
1週間は通常の出張と同じ扱いになります。",13834,13,7190
3129082,国内出張について、1ヶ月以上同じ地での長期出張の場合、宿泊費と日当は通常の出張と異なりますか？,"長期出張の場合、宿泊費は実費精算となります。（1日当たりの宿泊費は規定で定められた金額が上限です）
日当は通常の出張と同様に支給します。
但し単身赴任者が留守宅に長期出張する場合、日当は支給されません。",13835,13,7191
3129083,"国内出張について、100ｋｍに満たない地において、外部も招いた研修を行いました。
この場合、日当と宿泊費はどうなりますか？","規定により所属店最寄駅より100ｋ未満の場合、出張扱いにはならない為、宿泊が必要であっても日当は支給されません。
但し宿泊費は実費精算となります。",13836,13,7192
3129084,国内出張について、自己都合で前泊した場合の時間の起算は？,自己都合での前泊の場合、起算時間は9：00です。,13837,13,7193
3129085,国内出張について、宿泊先が実家である場合の宿泊費はどうなりますか？,"会社施設・友人、知人宅・実家での宿泊…5,000円
単身赴任者の留守宅（＝自宅）での宿泊…支給なし",13838,13,7194
3129086,"国内出張について、宿泊先ホテルの領収書を紛失してしまいました。
全額自己負担するしかないですか？","会社施設・友人、知人宅・実家での宿泊と同様に5,000円の支給となります。",13839,13,7195
3129087,"国内出張について、個人で宿泊先を手配しました。
今回旅行会社から会社宛に請求書が発行されます。
規定の金額より安いのですが差額分は請求可能ですか？",会社宛に請求書が届く＝会社が手配したものとみなされる為、差額請求は「不可」です。,13840,13,7196
3129088,国内出張について、飛行機代＆宿泊費のパッケージツアーで出張し、自分で立替支払をしました。その際の金額が規定の宿泊費より安い場合、差額は請求可能ですか？,"はい、実際の金額の方が安い場合、宿泊費は規定通りの金額で請求可能です。
その際、領収書は必ず添付して下さい。",13841,13,7197
3129089,国内出張について、品川から名古屋出張の翌日私用の為宿泊付きのパッケージツアーを手配しました。往復の交通費はどの様に精算したら良いですか？,"品川⇔名古屋
■エクスプレス（EX-ICサービス）での金額＜パックツアー代金の場合
　⇒エクスプレスの金額
■エクスプレス（EX-ICサービス）での金額＞パックツアー代金の場合
　⇒パックツアー代金
にてご精算下さい。",13842,13,7198
3129090,国内出張について、規定以下の宿泊費で泊まった場合、規定の金額で申請しても良いですか？,はい、規定通りの金額で宿泊費を申請して下さい。,13843,13,7199
3129091,"国内出張について、同行するお客様と同じホテルに宿泊する必要があったのですが、宿泊費が規定の金額以上にかかりました。
規定との差額分は自己負担になりますか？","業務上必要であった場合、上長の承認を得た上でSAP立替金精算を行ってください。
（TWINS国内出張では精算不可です）
その際、摘要欄に規定を超えた理由を明記して下さい。",13844,13,7200
3129092,"国内出張について、宿泊の際、ネットカフェを利用しました。
どのように精算したら良いですか？","「ネットカフェ」は宿泊施設ではありません。
宿泊施設以外を利用した場合、規定の宿泊費を上限として実費精算となります。",13845,13,7201
3129093,国内出張となる程遠くない客先を訪問し、宿泊が必要となりホテルに泊まりました。宿泊費は通常の旅費規程と同じ金額で申請して良いですか？,規定により所属店最寄駅より100ｋ未満の場合、出張扱いにはならない為、規定の宿泊費を上限として実費精算となります。,13846,13,7202
3129094,"国内出張について、残業で遅くなった為、会社近くのホテルに宿泊しました。
宿泊費の精算は旅費規定と同じ金額で申請して良いですか？","旅費規程にはあてはまりませんので、まずは上長へご相談下さい。
上長の了解を得た場合でも「出張」ではない為、規定の宿泊費を上限として実費精算となります。その際はSAP立替金精算で行ってください。
（勘定科目はA9162：国内出張旅費で結構です）",13847,13,7203
3129095,"パワーアップミーティングのため東京から名古屋へ行きました。
日当と交通費の申請は出来ますか？","PUMの場合「日当」は付きません。
日当無しで交通費のみ精算してください。
その際備考欄にPUMと明記願います。",13848,13,7204
3129096,国内出張について、告別式に参列する場合、交通費・日当の申請は出来ますか？,"業務命令によるものかを上長が判断し、対応して下さい。
私的個人の葬儀に参列する為の交通費は精算不可です。",13849,13,7205
3129097,国内出張について、東京本社から知人宅までの往復交通費は精算出来ますか？,業務以外の私的なものについては精算不可です。,13850,13,7206
3129098,国内出張について、成田出発のフライトで出張に行く際、前泊が必要だった為、埼玉の実家へ泊まりました。この場合の精算はどのようにしたら良いですか？,"交通費は所属店最寄駅から空港への直路で精算して下さい。
（寄り道に関しては精算不可です）
宿泊費は実家泊であれば規定通りの金額で申請して下さい。",13851,13,7207
3129099,"国内出張について、名古屋⇒東京へ出張。帰りは私用で東京⇒大阪に移動しました。
どのように精算申請したら良いですか？","実際にご利用になった分の領収書添付し、精算は名古屋・東京往復分で申請して下さい。
領収書台紙の余白に東京・名古屋間のみ精算と記入をお願いします。",13852,13,7208
3129100,国内出張について、帰りの新幹線をエクスプレス予約していたのに、お客様との会食が長引き乗車出来まんでした。二重で請求が来るのですが、精算するための添付書類は何が必要ですか？,"帰りの新幹線の請求を2回分することは出来ません。
上長へ相談した上でご申請下さい。",13853,13,7209
3129101,"国内出張について、エクスプレス予約で同じグループ2人分の新幹線を予約しました。
精算の仕方はどうしたら良いですか？",備考欄に「○○さんと2人分」と明記して頂ければ通常の申請でOKです。,13854,13,7210
3129102,"国内出張について、エクスプレス予約で同じグループ2人分の新幹線を予約しました。
負担先部署コードが違うのですが、精算はどうしたら良いですか？","国内出張旅費システムでは旅費を部署コードごとに按分することは出来ません。
SAPで立替金精算をお願いします。1枚の依頼書で複数の負担先に分けて入力することが可能です。",13855,13,7211
3129103,"国内出張でSUICA,MANACA等のICカードチャージ分の精算も可能ですか？",交通費は実費払いの為、チャージ分は精算不可です。,13856,13,7212
3129104,"国内出張について、部内研修の為にバスをチャーターしました。
勘定科目は何にしたら良いですか？",レンタカー代と同様に、旅費交通費雑口（A9169）です。,13857,13,7213
3129105,国内出張について、台風で通常の交通機関で帰ることが出来なかったため、他の交通機関を利用しましたor宿泊しました。交通費・宿泊費は精算出来ますか？,旅費規程にはあてはまりませんので、交通費・宿泊費ともに精算不可となります。,13858,13,7214
3129106,"国内出張について、台風で出張先から帰ることが出来なくなったため、宿泊しました。
この分は精算出来ますか？","宿泊施設利用の場合、通常の規定の宿泊費の範囲で精算可能です。
宿泊施設以外を利用の場合は5,000円で精算可能です。",13859,13,7215
3129107,国内出張について、外出時のJR在来線・私鉄・地下鉄代金の申請だけで、領収書台紙に添付する「領収書」が1枚もありません。このような場合でも領収書台紙の提出は必要ですか？,1回の申請書の内容がJR在来線・私鉄・地下鉄などの割引等が無い「近距離定額切符」の場合は領収書台紙の提出は不要です。,13860,13,7216
3129108,"国内出張について、他部署案件で出張しました。
料金負担先が他部署の場合、領収書台紙に捺印頂く「上長」は、所属長or負担先部署長のどちらになりますか？",費用負担先の部署長印を取り付け、提出も負担先部署からとしてください。,13861,13,7217
3129109,国内出張について、航空券をネットで購入した場合、どう申請したら良いですか？,領収書または証明書を入手し、提出して下さい。,13862,13,7218
3129110,国内出張について、乗車券（原本）は領収書の代わりになりますか？,領収書が望ましいですが、乗車券の原本でもOKです。,13863,13,7219
3129111,国内出張について、新幹線の自動改札機にかざすと出る「ICカードの利用券」は領収書の代わりになりますか？,はい、領収書の代わりになるものとして認めております。,13864,13,7220
3129112,"国内出張について、ガソリン代を立て替えましたが、領収書を取り忘れました。
カードの明細でも精算出来ますか？","その旨明記した申立書（所定用紙なし）に上長承認（押印）がもらえればOKです。
領収書台紙に申立書と明細を添付し、ご提出下さい。
尚、カード明細は氏名・日付・ガソリン代が分かる箇所以外は不要です。
今後は必ず領収書をもらってください。",13865,13,7221
3129113,"国内出張について、ガソリン代を立て替えましたが、領収書を取り忘れました。
現金払いの為明細がないのですが、精算出来ますか？",現金支払で「領収書なし」の場合、精算不可です。,13866,13,7222
3129114,"国内出張について、客先へ行くときに利用したタクシーの領収書を紛失しました。
手帳にメモしてあるので日付・料金は分かるのですが、精算出来ますか？","タクシー利用については利用料金に関わらず領収書の添付は必須です。
領収書が無い場合、精算は不可です。",13867,13,7223
3129115,国内出張について、新幹線乗車券/特急券を購入する際、「領収書」の発行を忘れてしまいました。この場合精算は出来ますか？,"新幹線乗車券金額は確認出来るため、その旨明記した申立書（所定用紙なし）に上長承認（押印）がもらえればOKです。
領収書台紙に申立書を添付しご提出下さい。
今後は必ず領収書をもらってください。",13868,13,7224
3129116,"国内出張先のホテルをオンライン予約し、事前決済しました。
この場合、領収書は無くても精算出来ますか？","ホテル等の宿泊施設を利用した場合、領収書の添付は必須です。
",13869,13,7225
3129117,"国内出張について、2か月先の出張用に航空券を早割で購入しました。
領収書も持っています。出張前ですがすぐに精算出来ますか？","「前払い」「仮払い」は行っておりません。
立替えた旅費については出張が終わってから申請をしてください。",13870,13,7226
3129118,"ビザ取得面接の為、東京勤務ですが、大阪へ行きました。
この場合、料金は「国内出張」「海外出張」のどちらの扱いになりますか？","国内出張旅費（A9162）です。
但し費用負担先が通常と異なる場合がありますのでご確認後、申請して下さい。",13871,13,7227
3129119,"海外出張について、海外出張時の航空券を国内で手配し、キャンセルしました。
国内手配分なので国内出張システムを利用し申請して良いですか？","国内で手配した航空券であっても、海外出張用航空券のキャンセルは海外出張旅費となります。
A9161（海外出張旅費）で立替金精算依頼書または経費支払依頼書を作成下さい。",13872,13,7228
3129120,"海外出張について、海外出張時に前泊が必要となり、ホテルに宿泊しました。
高額だったのですが、精算出来ますか？","規定の宿泊費を上限として精算可能です。
規定以上の金額については自己負担となります。",13873,13,7229
3129121,海外出帳について、海外出張から帰国した日の日当はどうなりますか？,"海外出張旅費規定によります。
国内出張システムでの精算は不可です。",13874,13,7230
3129122,出張する際、レンタカー利用の際、個人のETCカードは使用出来ますか？,"個人のETC利用可能です。
領収書の代わりとしてETC利用照会サービスから「ETC利用証明書」を印刷し、領収書台紙に添付のうえご提出下さい。",13875,13,7231
3129123,出張する際、ETC利用の場合の精算方法はどうしたら良いですか？,領収書の代わりとしてETC利用照会サービスから「ETC利用証明書」を印刷し、領収書台紙に添付のうえご提出下さい。,13876,13,7232
3129124,出張する際、私有車で行くことは可能ですか？,"業務で私有車を使用するには前もって申請が必要です。
TTCライブラリー（人事部）⇒「私有車」でご確認下さい。",13877,13,7233
3129125,国内出張について、自家用車（私有車社用許可願提出済）で有料道路・有料駐車場を利用した場合、精算方法はどうなりますか？,実費精算となります。旅費交通費（A9169）で立替金精算依頼書を作成もしくは国内出張旅費システムで国内出張旅費（A9162）で申請して下さい。,13878,13,7234
3129126,国内出張について、自家用車のガソリン代の規定はありますか？,私有車使用規定に明記されています。ガソリン単価は半期ごとに見直しがある為、TTCライブラリーでご確認下さい。TTCライブラリー（人事部）⇒「私有車使用時のガソリン単価について」で確認下さい,13879,13,7235
3129127,源泉徴収票（所得証明）を発行（再発行）してほしい,"社員番号,何年分が必要か,その年に海外赴任があったかを記載し、thr_jinji@pp.toyota-tsusho.com　までメールで依頼下さい。PDFにて送付致します。",13880,13,7236
3129128,"現在、育休中だが、給与明細書が送られてこない。
住民税等の給与マイナス分の金額が知りたい。","H29年1月より給与明細書の送付はなくなりました。
金額はTWINSでご確認ください。
",13881,13,7237
3129129,住民税税額通知書がほしい,"1.社員番号　2.何年分が必要か
3.送付方法（社内便、PDF、郵送（郵送先記載）　を記載し、
thr_jinji@pp.toyota-tsusho.com　までメールで依頼下さい。
https://twins-a3.toyotsu.co.jp/AP0103/KeijiPub.nsf/vwDocNo-Link-Teikei/G002424?OpenDocument",13882,13,7238
3129130,住民税（地方税）について、ふるさと納税の控除がされているか確認したい,"住民税税額通知書にて確認いただけます。
1.社員番号　2.何年分が必要か（ふるさと納税をした年度）
3.送付方法（社内便、PDF、郵送（郵送先記載）　を記載し、
thr_jinji@pp.toyota-tsusho.com　までメールで依頼下さい。
https://twins-a3.toyotsu.co.jp/AP0103/KeijiPub.nsf/vwDocNo-Link-Teikei/G002424?OpenDocument",13883,13,7239
3129131,"住民税（地方税）について、ふるさと納税をしたが会社に届出は必要か
自分自身で何か手続きが必要か","ふるさと納税に関して会社へ届出いただくものはございません。

ふるさと納税分はご自身で確定申告してください。
ただし、ふるさと納税を行った自治体が1年間で5自治体以内であり、
ふるさと納税以外に確定申告を行う必要がない場合に限って、
ふるさと納税をした自治体へワンストップ特例制度申請書をご提出いただき、
自治体より受領した旨の通知が届けば、確定申告不要です。",13884,13,7240
3129132,"住民税（地方税）について、住民税を給与天引したい（入社者）
　※手元に市区町村より届いた納付書がある場合","市区町村より届いた納付書のコピーを
THR豊通サポート部　住民税担当へ送付ください。（PDFでも可）
市区町村へ手続きができ次第、給与天引を開始します。",13885,13,7241
3129133,"住民税（地方税）について、住民税を給与天引したい（入社者）
　※手元に前職よりもらった給与所得者異動届出書がある場合","前職よりもらった給与所得者異動届出書を
THR豊通サポート部　住民税担当へ送付ください。
入社月よりTTCにて給与天引を開始します。",13886,13,7242
3129134,転勤したが、どんな手続きが必要か,"下記ライブラリーよりご自身に必要な手続きをご確認下さい。
https://twins-a3.toyotsu.co.jp/AP0103/KeijiPub.nsf/vwDocNo-Link-Teikei/T000561?OpenDocument",13887,13,7243
3129135,引越たが、どんな手続きが必要か,"下記ライブラリーより、住所、通勤費の申告を行って下さい。
https://twins-a3.toyotsu.co.jp/AP0103/KeijiPub.nsf/vwDocNo-Link-Teikei/GG008671?OpenDocument",13888,13,7244
3129136,海外赴任するが、所在地届の提出は必要か,"はい、必要です。
現住所に駐在先でのお住まいを登録ください。
また、郵送物が届く連絡先を緊急連絡先（留守宅or実家orその他）に登録下さい。",13889,13,7245
3129137,郵送物が転居前の所在地に届く,"住所届をご提出ください。
ただし、会社登録住所の更新作業は月１回となりますので、
しばらくは旧住所へ届くことがあります。
郵便局の転送サービスをご利用下さい。
https://twins-a3.toyotsu.co.jp/AP0103/KeijiPub.nsf/vwDocNo-Link-Teikei/GG008671?OpenDocument",13890,13,7246
3129138,所在地届を提出したのにMyBluePageの所在地が変更されない,"会社登録住所の更新作業は月１回となりますので、
更新作業後の変更となりますこと、ご了承ください。
郵送物もしばらくは旧住所へ届くことがあります。
郵便局の転送サービスをご利用下さい。",13891,13,7247
3129139,引越前だが、住所届/通勤費の申告は可能か,"住所届は変更日の1ヵ月前より登録可能です。
通勤費申告は変更月をご自身で入力できますのでいつでも登録可能ですが、
住所変更を伴う場合は必ず先に住所届にて新住所を登録後に
通勤費申告を行って下さい。
https://twins-a3.toyotsu.co.jp/AP0103/KeijiPub.nsf/vwDocNo-Link-Teikei/GG008671?OpenDocument",13892,13,7248
3129140,自家用車通勤は可能か,"【自宅⇔勤務地】
　勤務地に駐車場があり、自家用車通勤が認められている拠点であれば可

【自宅⇔最寄駅】
　認めていません。公共交通機関（バス）をご利用ください。",13893,13,7249
3129141,新幹線通勤は可能か,"下記ルールを満たす場合に限り、
伺い書にて人事総務部の承認を得ることで新幹線通勤を認めることがあります。
THR豊通サポート部池渕宛に伺い書を提出し、承認が下りたら通勤費申告下さい。

前提：通勤距離が75km以上あること
　　　　　通勤費の支給上限は10万円/月額まで

条件： 1.転居を伴う異動発令があった場合
　　　　　 子女の教育事情、親の世話・介護などで現住居から
　　　　　 通勤せざるを得ない事情がある場合
　　　  2.発令に関わらず下記事情が発生した場合
 　　　　　障害等で特殊施設での教育を受ける子女がいる
           要介護（要支援可）状態の親の介護を行う場合",13894,13,7250
3129142,通勤費申告はいつまでに申請すればいいか,毎月10日までに申請いただいたものを、当月給与より変更します。,13895,13,7251
3129143,源泉徴収票は配布されたんでしたか,昨年給与日にPDF添付にて、E-mail発信致しました。ご確認ください,13896,13,7252
3129144,人件費を教えてほしい,"対象者別（TTC単体社員、出向者、出向受入者、派遣社員）に、名古屋THR担当へご連絡下さい。

【TTC単体】
　対象者の従業員番号、氏名、部署コードを給与担当へメール下さい。
【出向者】
　対象者の従業員番号、氏名、部署コードを出向担当へメール下さい。
【出向受入者】
　対象者の従業員番号、氏名、部署コードを出向受入担当へメール下さい。
【派遣社員】
　対象者の従業員番号、氏名、部署コードを派遣社員担当へメール下さい。",13897,13,7253
3129145,6月に他社への出向社員を予定している。手続きは？,人事企画室にお問い合わせください,13898,13,7254
3129146,子供が就職した。扶養削除手続きを教えてほしい。,"TTCライブラリー「扶養の異動手続き」をご確認ください。
https://twins-a3.toyotsu.co.jp/AP0103/KeijiPub.nsf/vwDocNo-Link-Teikei/T000562?OpenDocument",13899,13,7255
3129147,持株会について、口数変更したい。,口数変更は年2回（6月・12月）受付します。それぞれ5月下旬、11月下旬にTWINS掲示板「お知らせ」に掲載しますので、ご確認ください。,13900,13,7256
3129148,給与振込口座は、変更月を未来月で申請できるか,可能です。月指定欄をプルダウンで選択の上、申請ください。,13901,13,7257
3129149,豊田通商株式を売却したい。手続きは？,"インサイダー取引管理規程をご確認の上、事前に届出ください。
なお、インサイダー期間には当社の株券等の売買は行えません。",13902,13,7258
3129150,関連会社から「出向協定書で、福利厚生は出向元出向先どちらの処遇になるのか」,詳しく設定していないのが実情です。判断に迷う場合は規定の「定めの無い事項は協議の上〜」に則り、双方確認の上、対処することをおすすめします。,13904,13,7260
3129151,持株会について、従業員持株会の拠出を再開したい,"持株WEBサービスにログインの上、再開申請下さい。
持株WEBサービスについては下記持株会案内をご確認ください。
https://twins.toyotsu.co.jp/ap0091/sdb79.nsf/View_UNID/C26127CB8E431B604925794200264F01?OpenDocument",13905,13,7261
3129152,持株会について、従業員持株会の拠出を休止したい,"自己都合による休止はできません。（海外赴任、無給休職の場合のみ休止）
口数変更募集時に最低口数の１口に変更いただくことは可能です。
募集は６月および１２月に行う予定です。",13906,13,7262
3129153,"海外駐在者が帰国した。帰国後国内の旅費精算の負担部署は？
（駐在者ではなく、依頼をされた方からの問い合わせ）",帰国後の帰属部にて負担となります,13907,13,7263
3129154,給与について、月中に異動した場合、人件費はどこの部署につくのか？,毎月１日の発令部署に賦課されます。（退職給付金は月末の発令）,13908,13,7264
3129155,退職金が知りたい,"毎年4月給与明細書に記載されている、退職金ポイント×ポイント単価（1,190円）で計算すると、おおよその金額が解ります。",13939,13,7302
3129156,退職届,"・自己都合退職の場合は、2ヵ月前までに部署長へご提出下さい。

・定年退職の場合は、届出は不要です。
なお、定年月2ヵ月前頃に手続きについて、ご案内しますのでお待ち下さい。
（半年前頃に、人事部より部署長経由で、定年後の再雇用についての意思確認をします）",13940,13,7305
3129157,社会保険ってなに,健康保険、介護保険、厚生年金保険です,13941,13,7306
3129158,労働保険ってなに,労災保険、雇用保険です。,13942,13,7307
3129159,海外出張時のアルコールを含む料金,"海外出張時のアルコールを伴う飲食の勘定科目は、
・社内のみの飲食の場合
交際費（9142）

・取引先との飲食の場合
交際費（914Y）5,000円超、
交際費（914B）5,000円以下

なお、「交際費会議費明細」を「費用計算書」と一緒にご提出下さい。

また、アルコールなしの飲食は会議費となります。",13943,13,7308
3129160,海外出張　部長も上長印が必要？,"海外出張費用計算書は印刷し、必ず上長印を押印いただいてください。
GL申請時は部長印、部長申請時は本部長補佐印が必要です。
",13944,13,7309
3129161,マイナンバー教えて,"会社では教えることはできません。
ご自身で住民票のある役所にて、マイナンバー表記ありの住民票をとれば確認できます。",15118,13,8542
3129162,海外出張,"TTCライブラリーにて掲載しているマニュアルを確認して下さい。
 https://twins-a3.toyotsu.co.jp/AP0103/KeijiPub.nsf/vwDocNo-Link-Teikei/T031295?OpenDocument",15135,13,8576
3129163,海外出張時にビジネスクラスに乗っていいの,"
こちらのTTCライブラリー「ガイドライン」を確認して下さい。
https://twins-a3.toyotsu.co.jp/AP0103/KeijiPub.nsf/vwDocNo-Link-Teikei/GG004458?OpenDocument",15136,13,8577
3129164,人事担当が解らない,"こちらで確認して下さい（TWINSのとよつう人事Navi）
https://twins.toyotsu.co.jp/cpd/tokyohpctrl.nsf/view_pickup_ver2/AddRole_HRBusiness",15138,13,8579
3129165,人事担当者を教えて下さい,"こちらで確認して下さい（TWINSの人事Navi）
https://twins.toyotsu.co.jp/cpd/tokyohpctrl.nsf/view_pickup_ver2/AddRole_HRBusiness",15139,13,8580
