"My - ope ってな ん です か ？ ",2653
"どんな こと が 出来る の ？ ",2654
"どう やっ て 会話 を 覚え させる の ？ ",2655
"どんな 企業 が 使っ てる ？ ",2656
"試用 出来る ？ ",2657
"詳しく 話 を 聞き たい ",2658
"会話 の 精度 は どれ くらい ？ ",2659
"セキュリティ 対策 は どう なっ てる ？ ",2660
"データ 投入 の 手間 は どれ くらい ？ ",2661
"チャット Bot は どう やっ て 埋め込む の ？ ",2662
"サーバ など の インフラ は どう なっ て いる ？ ",2663
"マイオペ って 何 ？ ",2653
"My - ope と は 何 です か ",2653
"my - ope って どういう もの です か ",2653
"これ は 何 が 出来 ます か ",2654
"これ は どんな サービス です か ",2654
"何 を 実現 する の です か ",2654
"どう やっ て 話 を する の です か ",2655
"どう やっ て 会話 を 覚える の ？ ",2655
"会話 を 覚え させる 方法 は ？ ",2655
"どの 会社 が 使っ てる の ？ ",2656
"どんな 会社 が 使用 する の ？ ",2656
"どの 企業 が 使い た がる ？ ",2656
"試し に 使える ？ ",2657
"お 試し は 可能 です か ",2657
"試し に 使う こと は 可能 です か ",2657
"詳細 を 知り たい ",2658
"詳しい 内容 を 知り たい ",2658
"話 を 詳しく 聞き たい ",2658
"どの くらい 制度 が ある の ？ ",2659
"会話 の 制度 は どの くらい な の ？ ",2659
"精密 さ は どれ くらい な の ？ ",2659
"セキュリティ は 万全 な の ？ ",2660
"安全 な の ？ ",2660
"セキュリティ 対策 は さ れ てる の ？ ",2660
"どれ くらい 手間 が かかる の ？ ",2661
"データ の 投入 は 面倒 ？ ",2661
"データ の 投入 に 手間 は かかる ？ ",2661
"チャット Box の 埋め込み 方 は ？ ",2662
"どう やっ て チャット ボックス を 埋め込む の ？ ",2662
"チャット Box の 埋め込み 方 を 知り たい ",2662
"サーバー の インフラ は どう なっ て いる の か ",2663
"サーバ の インフラ 状態 は ？ ",2663
"サーバー の インフラ 状態 を 教え て ください ",2663
"マイオペ と は 何 です か ？ ",2653
"My - ope について 教え て 下さい ",2653
"マイオペ って ？ どういう もの ",2653
"これ は どういう 事 が 出来る の ？ ",2654
"何 が 出来る の ？ ",2654
"どんな 事 が 可能 ？ ",2654
"どんな 風 に 会話 を 覚え させる の ？ ",2655
"会話 を 覚え させる に は ？ ",2655
"対話 を 覚え て もらう に は どう し てる の ？ ",2655
"どの よう な 企業 が 使っ て い ます か ？ ",2656
"どんな 企業 が 必要 と し て い ます か ？ ",2656
"どんな 企業 が 使っ て い ます か ？ ",2656
"試用 出来 ます か ？ ",2657
"試用 し たい の です が ",2657
"試用 って 可能 です か ？ ",2657
"詳細 を お 聞き し たい ",2658
"詳しく お話 し 願え ます か ？ ",2658
"詳しく 話 を 聞き たい の です が ",2658
"会話 の 精度 は どの くらい でしょ う か ？ ",2659
"会話 の 幅 は どれ くらい です か ？ ",2659
"精度 は どれ くらい でしょ う か ？ 会話 の ",2659
"安全 対策 は どの よう に なっ て い ます か ？ ",2660
"セキュリティ 対策 は どの よう に し て い ます か ？ ",2660
"セキュリティ 対策 は どう なっ て い ます か ？ ",2660
"データ 投入 に 手間 は どの くらい かかり ます か ？ ",2661
"データ 投入 の 手間 は どの くらい でしょ う か ？ ",2661
"データ 投入 の 手間 は どれ くらい かかっ て い ます か ？ ",2661
"チャット Bot は どの 様 に し て 埋め込ん でる の ？ ",2662
"チャット Bot は どう やっ て 埋め込め て ます か ？ ",2662
"チャット Bot は どう やっ て 埋め込ん で いる ん です か ？ ",2662
"サーバ など の インフラ は どう なっ て い ます か ？ ",2663
"サーバ など の インフラ は どの 様 に なっ て ます か ？ ",2663
"サーバ など の インフラ は どんな 感じ に なっ て ます か ？ ",2663
"マイオペ って 何 な の ？ ",2653
"マイオペ って 何 か 教え て ",2653
"これ って 何 が 出来る の ？ ",2654
"どう いっ た こと が 出来 ます か ？ ",2654
"これ で 出来る こと を 教え て ",2654
"どう やっ て 会話 を 学習 さ せる の ？ ",2655
"会話 の 覚え させ 方 は ？ ",2655
"会話 を 覚え させ たい ん だ けど ",2655
"これ を 使っ て いる 企業 は ？ ",2656
"どんな 企業 が 使っ て いる か 教え て ",2656
"これ を 使っ て いる 企業 は あり ます か ？ ",2656
"お 試し って 出来る の ？ ",2657
"試し に 使っ て み たい ん だ けど ？ ",2657
"詳しい 話 を 聞か せ て ",2658
"これ の 詳細 は ？ ",2658
"詳細 が 聞き たい ん だ けど ？ ",2658
"会話 の 精度 は 高い の ？ ",2659
"精度 の 高 さ が 気 に なる ん だ けど ？ ",2659
"ちゃんと 会話 が 成り立つ の ？ ",2659
"セキュリティ は 万全 ？ ",2660
"セキュリティ の 対策 は し てる の ？ ",2660
"セキュリティ は バッチリ ？ ",2660
"データ 投入 に 手間 は かかる の ？ ",2661
"データ 投入 は 面倒 じゃ ない ？ ",2661
"データ 投入 って 簡単 な の ？ ",2661
"チャットボット の 埋め込み 方 は ？ ",2662
"どう やっ て チャットボット を 埋め込む の ？ ",2662
"チャットボット を 埋め込み たい ん だ けど ？ ",2662
"インフラ は 大丈夫 な の ？ ",2663
"サーバ とか どう なっ てる の ？ ",2663
"インフラ って どう なっ てる の ？ ",2663
"My - ope と は なん です か ",2653
"My - ope って なんぞ ",2653
"マイオペ と は どういう もの です か ？ ",2653
"どういう こと が 出来る の です か ？ ",2654
"何 が できる ？ ",2654
"どんな こと する の ？ ",2654
"会話 って どう 覚える の ？ ",2655
"どう やっ て 会話 さ せる の ？ ",2655
"会話 を どう 覚え させる の です か ？ ",2655
"どの よう な 企業 が 使っ て いる の でしょ う か ？ ",2656
"使っ て いる 企業 は どんな ？ ",2656
"使っ て いる 企業 を 教え て ください ",2656
"試用 は 出来 ます か ？ ",2657
"試し て み たい ん だ けど ",2657
"試用 って でき ます か ？ ",2657
"詳しく 教え て ",2658
"詳細 を 聞き たい です ",2658
"もっと 詳細 を お願い し ます 。 ",2658
"どれ くらい の 精度 で 会話 できる ん です か ？ ",2659
"会話 の 精度 って どれ くらい です か ？ ",2659
"どれ くらい 会話 に なる ん です か ",2659
"セキュリティ は どう です か ",2660
"セキュリティ 対策 は 万全 ？ ",2660
"セキュリティ は 大丈夫 です か ？ ",2660
"データ の 投入 に は どれ くらい 手間 が かか て い ます か ？ ",2661
"データ 投入 は 手間 です か ？ ",2661
"データ 投入 って 面倒 じゃ ない ん です か ",2661
"チャット Bot って どう やっ て 埋め込ま れ てる ん です か ？ ",2662
"チャット Bot の 埋め込み 方 って どう なっ てる ん です か ？ ",2662
"チャット Bot の 埋め込み 方 教え て ",2662
"サーバ とか の インフラ って どう なっ てる ん です か ？ ",2663
"インフラ は どう なっ てる ん です か 、 サーバ とか ",2663
"サーバ 等 の インフラ は どの よう に なっ て いる の でしょ う か ",2663
"my - ope って どういう もの です か ？ ",2653
"マイオペ が どんな もの な の か 知り たい です 。 ",2653
"何 が 実現 できる の ？ ",2654
"どの よう な もの に なる の ？ ",2654
"どんな もの に なる の か 教え て ください 。 ",2654
"どの よう に し て 話 が 出来る の ？ ",2655
"どう やっ て 話せる の ？ ",2655
"どんな 風 に 話 を 覚え させる の ？ ",2655
"何 を し て いる 企業 が 使う の ？ ",2656
"どの よう な 企業 に 需要 が ある の ？ ",2656
"どんな 企業 に 使わ れ て いる の ？ ",2656
"これ は お 試し 出来る の ？ ",2657
"これ を 試し て み て も いい ？ ",2657
"テスト は 出来る の ？ ",2657
"もっと 細かく 教え て ください 。 ",2658
"もう少し 説明 し て ください 。 ",2658
"もう少し 詳細 な 話 を 聞き たい です 。 ",2658
"どれ くらい 話 を 理解 し て いる の ？ ",2659
"どれ くらい 話 が 出来 ます か ？ ",2659
"細かい 話 の ニュアンス も 理解 出来 ます か ？ ",2659
"セキュリティ 対策 は 万全 です か ？ ",2660
"安全 対策 は し て い ます か ？ ",2660
"安全 面 の 対策 は 何 を し て い ます か ？ ",2660
"データ を 入れる 際 の 手間 は どれ くらい かかり ます か ？ ",2661
"データ を 投入 する こと は 大変 な 作業 です か ？ ",2661
"データ 投入 する 際 の 手間 は どう なっ て い ます か ？ ",2661
"チャット の 自動 発言 システム は どう やっ て 埋め込ん で いる の ？ ",2662
"チャットボット は どの よう に し て 埋め込ん で いる の ？ ",2662
"チャットボット は どんな 方法 で 埋め込む の ？ ",2662
"サーバ の インフラ は どう なっ て い ます か ？ ",2663
"サーバ の インフラ は どう なっ て いる の か 教え て ください ",2663
"サーバ の インフラ が どう なっ て いる の か 説明 し て ください 。 ",2663
"Ｍｙ - ｏｐｅ っ の こと が 知り たい です 。 ",2653
"Ｍｙ - ｏｐｅ って 何 か 教え て 。 ",2653
"Ｍｙ - ｏｐｅ っ について 教え て ください 。 ",2653
"何 が でき ます か ？ ",2654
"どういう サービス な の ？ ",2654
"やれる こと は 何 です か ？ ",2654
"会話 の 覚え させ 方 は どう する の ？ ",2655
"会話 を 記憶 さ せる 方法 を 教え て ください 。 ",2655
"どう すれ ば 会話 を 覚える の ？ ",2655
"使っ て いる 企業 は どういう ところ です か ？ ",2656
"どんな 企業 が 運用 し て ます か ？ ",2656
"利用 し て いる の は どんな 企業 です か ？ ",2656
"試し て みる こと は でき ます か ？ ",2657
"試し て み たい の です が ？ ",2657
"試用 は する こと は でき ます か ？ ",2657
"詳細 を 教え て 下さい 。 ",2658
"詳しく 知り たい です 。 ",2658
"もっと 知り たく なり まし た 。 ",2658
"会話 は 的確 です か ？ ",2659
"会話 は どの くらい でき ます か ？ ",2659
"どの くらい の 正確 な 会話 が でき ます か ？ ",2659
"情報 管理 の 安全 性 は ？ ",2660
"安心 し て 利用 でき ます か ？ ",2660
"データー の セッテイング は 難しい ？ ",2661
"簡単 に データー 投入 できる ？ ",2661
"導入 する に は 手間 が 掛かり ます か ？ ",2661
"チャット Bot の 導入 方法 は ？ ",2662
"チャット Bot の 設定 方法 は ？ ",2662
"チャット Bot の 埋め込み 方 を 教え て ください 。 ",2662
"サーバー 等 の インフラ 対策 は どう なっ て ます か ？ ",2663
"サーバー 等 の インフラ について 教え て ください 。 ",2663
"サーバー など の インフラ は 大丈夫 です か ？ ",2663
"まい お ぺってなんですか ？ ",2653
"まい お ぺってなに ？ ",2653
"まい お ぺとはなんでしょう ？ ",2653
"何 が できる の ？ ",2654
"何 を し て くれる の ？ ",2654
"どんな サービス が あり ます か ？ ",2654
"会話 は 登録 し て ある の ？ ",2655
"どう やっ て 会話 し てる の ？ ",2655
"会話 は どう やっ て できる よう に なっ て いる の ？ ",2655
"他 に どの よう な 人 が 利用 し てる の ？ ",2656
"どんな 人 が 使っ て いる の ？ ",2656
"誰 が 使っ てる の ？ ",2656
"お ためし は でき ます か ？ ",2657
"無料 版 は あり ます か ？ ",2657
"体験 版 は あり ます か ？ ",2657
"内容 を 知り たい ",2658
"どんな こと が できる か 知り たい ",2658
"内容 について 説明 を 受け たい ",2658
"会話 は どの くらい の レベル で できる の ？ ",2659
"どれ くらい 言葉 を 理解 し ます か ？ ",2659
"質問 に 正確 に 答え られ ます か ？ ",2659
"セキュリティ について 教え て ください ",2660
"セキュリティ 対策 について 教え て ",2660
"セキュリティー 対策 は でき て い ます か ？ ",2660
"データ 移行 は 簡単 です か ？ ",2661
"データ 移行 の 手間 は どれ くらい です か ",2661
"データ 投入 は 簡単 です か ？ ",2661
"チャットボット は どう やっ て 埋め込む の ？ ",2662
"チャットボット は どう やっ て 使う の ？ ",2662
"ちゃっ と ぼっと は 使え ます か ？ ",2662
"インフラ は どう なっ て いる ？ ",2663
"インフラ の 整備 は どの よう に さ れ て い ます か ？ ",2663
"インフラ 整備 は 十分 です か ？ ",2663
"マイオペ と は 何 を する こと です か ？ ",2653
"マイオペ の 意味 を 教え て ください 。 ",2653
"My - ope ってな ん の 略 です か ？ ",2653
"何 が できる ん です か ？ ",2654
"出来る こと を 教え て ください 。 ",2654
"どう なる ん です か ？ ",2654
"どう し たら 会話 を 覚え させ られる ん です か ？ ",2655
"会話 の 覚え させ 方 を 教え て ください 。 ",2655
"何 を し たら 会話 を 覚える ん です か ？ ",2655
"どの よう な 企業 が 使っ てる ん です か ？ ",2656
"使っ て いる 企業 を 教え て ください 。 ",2656
"どんな 企業 が 使っ て いる か 教え て ください 。 ",2656
"試す こと が でき ます か ？ ",2657
"試用 できる か 教え て ください 。 ",2657
"試用 する こと は でき ます か ？ ",2657
"詳しい 話 を 聞か せ て ください 。 ",2658
"詳細 を 教え て ください 。 ",2658
"詳しい 内容 を 聞か せ て ください 。 ",2658
"会話 の 精度 を 教え て ください 。 ",2659
"会話 は どの くらい の 精度 です か ？ ",2659
"会話 は どれ くらい の 精度 に なり ます か ？ ",2659
"セキュリティ 対策 について 教え て ください 。 ",2660
"どの よう な セキュリティ 対策 を とっ て い ます か ？ ",2660
"どの よう な セキュリティ 対策 か 教え て ください 。 ",2660
"データ 投入 の 手間 について 教え て ください 。 ",2661
"データ 投入 の 手間 は どの くらい です か ？ ",2661
"どれ くらい の データ 投入 の 手間 が かかり ます か ？ ",2661
"チャット Bot は どの よう に 埋め込み ます か ？ ",2662
"チャット Bot は どう やっ て 埋め込む か 教え て ください 。 ",2662
"サーバー など の インフラ について 教え て ください 。 ",2663
"サーバー など の インフラ は どの よう に なっ て い ます か ？ ",2663
"サーバー など の インフラ は どう なっ て いる か 教え て ください 。 ",2663
"こんにちは ",2717
"EC サイト の 質問 に対して 回答 し て もらう こと も でき ます か ？ ",2718
"料金 体系 を 教え て ください 。 ",2719
"どんな 質問 に 答え られる ん です か ？ ",2720
"導入 に かかる 期間 は どの くらい です か ",2721
"データ 投入 の 形式 は どの よう な もん です か ？ ",2722
"データ 投入 代行 し て くれ ませ ん か ",2723
"運営 会社 は 信用 でき ます か ",2724
"株式会社 mofmof について 教え て ください ",2724
"ハナコ さん と は ",2725
"電話 で 問合せ たい ",2726
"社外 向け に 使う こと は でき ます か ？ ",2727
"導入 実績 を 教え て ください 。 ",2656
"これ は クラウドサービス です か ？ ",2728
"試用 期間 は あり ます か ？ ",2657
"初期 費用 、 月額 費用 以外 に かかる 費用 は あり ます か ？ ",2729
"導入 を 検討 し たい の です が 、 デモ を 見せ て 頂く こと は でき ます か ？ ",2658
"お客様 用 に 使え ます か ？ ",2727
"こんにちは 〜 ",2717
"コンニチワ ",2717
"どうも こんにちは ",2717
"EC サイト の こと で も 答え て もらえ ます か ？ ",2718
"EC サイト の 質問 で も 答え て もらえ ます か ？ ",2718
"EC サイト の 質問 に も 回答 を もらう こと 出来 ます か ？ ",2718
"料金 について 教え て ください ",2719
"料金 体系 は どの よう に なっ て ます か ？ ",2719
"料金 の 仕組み について 教え て ください ",2719
"どんな こと に 質問 に 答え られ ます か ？ ",2720
"答え られる 質問 は どの よう な もの です か ？ ",2720
"どんな 質問 に 回答 し て もらえ ます か ？ ",2720
"導入 に どれ くらい の 期間 が かかり ます か ？ ",2721
"導入 に は どの くらい の 期間 が 必要 です か ",2721
"導入 に かかる 期間 は どの くらい か 教え て ください ",2721
"データ 投入 の 形式 について 教え て ください ",2722
"データ を 投入 する とき の 形式 は どの よう な もの です か ？ ",2722
"どの よう な 形式 で データ 投入 し ます か ？ ",2722
"データ 投入 代行 は 可能 です か ",2723
"データ 投入 代行 は し て い た だけ ませ ん か ",2723
"データ 投入 代行 を お願い 出来 ます か ",2723
"信用 出来る 運営 会社 です か ",2724
"信用 出来る 運営 会社 な の です か ",2724
"その 運営 会社 は 信用 出来 ます か ",2724
"株式会社 mofmof について 知り たい の です が ",2724
"株式会社 mofmof について 質問 さ せ て ください ",2724
"株式会社 mofmof について 答え て 下さい ",2724
"花子 さん と は ",2725
"ハナコ さん って ",2725
"ハナコ さん という の は ",2725
"電話 で お尋ね し たい ",2726
"電話 で 聞き たい ",2726
"TEL で 問合せ たい ",2726
"社外 向け の 使用 は 可能 です か ？ ",2727
"社外 向け に も 使え ます か ？ ",2727
"社外 に 向け て 使え ます か ？ ",2727
"これ まで の 導入 実績 が 知り たい です ",2656
"導入 実績 について 教え て ください ",2656
"導入 実績 について 知り たい です ",2656
"これ って クラ ウド サービス です か ？ ",2728
"これ が クラ ウド サービス ？ ",2728
"これ は クラ ウド サービス ？ ",2728
"試用 期間 は どれ くらい です か ？ ",2657
"試用 期間 は ある の です か ？ ",2657
"試用 期間 が あれ ば 教え て ください ",2657
"初期 費用 と 月額 費用 以外 に かかる 費用 は ？ ",2729
"初期 費用 と 月額 費用 の 他 に かかる 費用 は あり ます か ？ ",2729
"初期 費用 、 月額 費用 、 その他 に かかる 費用 は あり ます か ？ ",2729
"導入 を 検討 し て い ます が 、 デモ を 見せ て いただけ ます か ？ ",2658
"導入 検討 中 な の です が 、 デモ を 見せ て い た だけ ませ ん か ？ ",2658
"導入 を 検討 し たい ので 、 デモ を 見せ て ください ",2658
"お客様 用 に 使用 可能 です か ？ ",2727
"お客様 用 に 使っ て も いい です か ？ ",2727
"お客様 用 として も 使え ます か ？ ",2727
"今日 は ",2717
"コンニチハ ",2717
"こんにちわ ",2717
"E コマース の 質問 に対して 答え て もらう こと も でき ます か ？ ",2718
"EC サイト の 質問 に 答え て もらう こと も でき ます か ？ ",2718
"EC に 答え て もらう こと も でき ます か ？ ",2718
"料金 は どう なっ て いる か 教え て ください ",2719
"料金 コース を 教え て ください ",2719
"料金 体系 について 教え て ください ",2719
"どの よう な 質問 に 答え られ ます か ？ ",2720
"どんな 質問 に 答える こと が でき ます か ？ ",2720
"どんな 質問 に お 答え でき ます か ？ ",2720
"導入 する に当たって どの くらい の 期間 が 必要 です か ",2721
"導入 する に は どの くらい の 期間 が 必要 です か ",2721
"導入 する の に かかる 帰還 は どの くらい です か ",2721
"データ 投稿 の 形式 は どの よう な もの です か ？ ",2722
"データ 投入 形式 は どんな もの です か ？ ",2722
"データ 投入 の フォーマット は どう なっ て い ます か ？ ",2722
"データ 投稿 を 代行 し て は いただけ ませ ん か ",2723
"データ 投稿 を 代行 し て ほしい の です が ",2723
"データ 投稿 を 代わり に 行っ て いただく こと は でき ます か ",2723
"運営 会社 は どんな 会社 です か ",2724
"運営 会社 の 信頼 度 は どの よう な もの です か ",2724
"運営 し て いる 会社 は 信頼 できる 会社 です か ",2724
"株式会社 mofmof について 、 知っ て いる こと が あれ ば 教え て ください ",2724
"株式会社 mofmof と は どんな 会社 だ と 思い ます か ",2724
"株式会社 mofmof は どんな 会社 です か ",2724
"ハナコ さん と は どなた です か ",2725
"ハナコ さん は どんな 方 です か ",2725
"ハナコ さん は どの よう な お 人柄 です か ",2725
"お 電話 で 問い合わせる こと は でき ます か ",2726
"電話 で 問い合わせ する こと は でき ます か ",2726
"電話 で 問い合わせ たい の です が ",2726
"社外 向け に 使う こと は 可能 です か ？ ",2727
"会社 の 外 で も 使え ます か ？ ",2727
"社外 向け で も 使える でしょ う か ？ ",2727
"導入 実績 は 何 件 です か ",2656
"導入 さ れ た 数 は どの くらい です か ",2656
"導入 実績 は 何 件 あり ます か ",2656
"この サービス は クラ ウド を 使っ て い ます か ？ ",2728
"この システム は クラウドサービス です か ？ ",2728
"これ は WEB 上 の サービス です か ？ ",2728
"試用 期間 は あり ませ ん か ？ ",2657
"試用 期間 は どの くらい です か ？ ",2657
"試用 期間 は ない でしょ う か ？ ",2657
"初期 費用 、 月額 費用 以外 に かかる 費用 は あり ませ ん か ？ ",2729
"初期 費用 、 月額 費用 以外 に お金 が かかり ます か ？ ",2729
"初期 費用 、 月額 費用 以外 に お金 が 要り ます か ？ ",2729
"導入 を 検討 し たい ので 、 デモ を 見せ て もらえ ます か ？ ",2658
"導入 し たい ので デモ が 見 たい の です が ",2658
"導入 を 検討 し て いる ので 、 デモ を 見せ て いただく こと は でき ます か ？ ",2658
"お客様 用 に も 使え ます か ？ ",2727
"お客様 に も 使っ て い た だけ け ます か ？ ",2727
"お客様 用 に 使う こと は でき ます か ？ ",2727
"ごきげんよう ",2717
"お 元気 です か ",2717
"EC サイト の 質問 に 回答 でき ます か ？ ",2718
"EC サイト を 利用 でき ます か ？ ",2718
"EC サイト の 質問 に 答え て もらえ ませ ん か ？ ",2718
"利用 体系 を 説明 し て ください ",2719
"利用 体系 を お 伺い し ます ",2719
"利用 体系 を 伺っ て も よろしい です か ",2719
"どの よう な 質問 で あれ ば 回答 頂け ます か ？ ",2720
"どんな 質問 なら 回答 でき ます か ？ ",2720
"色んな 質問 に 答え られ ます か ？ ",2720
"採用 に かかる 期間 は どれ くらい です か ？ ",2721
"取り入れる こと が できる 期間 は どれ くらい です か ？ ",2721
"導入 する まで の 期間 は どれ くらい です か ？ ",2721
"データ 投入 の 形式 を 教え て 下さい ",2722
"データ 投入 の 形式 が 知り たい です ",2722
"データ 投入 の 形式 は どの よう な もの が あり ます か ",2722
"データ 投入 を 代わり に し て もらえ ませ ん か ",2723
"データ 投入 を おまかせ し て いい です か ",2723
"データ 投入 お願い し たい です ",2723
"運営 会社 は 信じる こと が でき ます か ",2724
"運営 会社 の 信用度 を 教え て 下さい ",2724
"運営 会社 を 信じ て も 大丈夫 です か ",2724
"株式会社 mofmof について 知っ て いる こと を 教え て 下さい ",2724
"株式会社 mofmof は どの よう な 会社 です か ",2724
"株式会社 mofmof について 説明 し て ください ",2724
"ハナコ ちゃん と は ",2725
"ハナコ 先輩 と は ",2725
"ハナコ くん と は ",2725
"電話 で 聞き たい です ",2726
"電話 で 質問 し たい です ",2726
"電話 で 問合せ は 可能 です か ",2726
"社外 向け に 使っ て も いい です か ？ ",2727
"社外 向け に 利用 し て いい です か ？ ",2727
"導入 実績 は どの よう な もの が あり ます か ",2656
"導入 実績 を 答え て ください ",2656
"導入 実績 を 教え て ください ",2656
"これ は クラウドサービス と ゆう もの です か ？ ",2728
"クラウドサービス です か ？ ",2728
"これ は クラウドコンピューティング です か ？ ",2728
"試用 期間 が ござい ます か ？ ",2657
"試用 期間 が あれ ば 教え て 下さい ",2657
"初期 費用 、 月額 費用 以外 の 出費 は あり ます か ？ ",2729
"初期 費用 、 月額 利用 料 以外 に かかる 費用 は あり ます か ？ ",2729
"初期 費用 、 月額 利用 料 以外 の 費用 は あり ます か ？ ",2729
"導入 を 考え て おり ます ので 、 デモ を 見せ て 頂き たい です ",2658
"導入 を 考え て い ます 、 デモ を 拝見 さ せ て 頂く こと は でき ます か ？ ",2658
"導入 を 考え て おり ます ので 、 デモ を 拝見 さ せ て 頂き たい です ",2658
"お客様 用 に 使用 でき ます か ？ ",2727
"お客様 に 提供 し て も 問題 ない です か ？ ",2727
"お客様 用 に 利用 でき ます か ？ ",2727
"EC の 質問 に 回答 でき ます か ？ ",2718
"EC サイト で も 使え ます か ",2718
"E コマース に も 使う こと は 可能 です か ？ ",2718
"料金 について 情報 を いただけ ます か 。 ",2719
"料金 が どう なっ て いる か 知り たい の です が 。 ",2719
"料金 は どの よう な 体系 に なっ て い ます か ? ",2719
"どの よう な 質問 に 答え て いただけ ます か ？ ",2720
"答え て いただける の は 、 どういう 質問 です か ？ ",2720
"どんな 質問 に 回答 いただけ ます でしょ う か ？ ",2720
"導入 に は 、 どれ ぐらい の 期間 が かかり ます か ？ ",2721
"導入 する まで に 、 どれ ぐらい かかる でしょ う か ？ ",2721
"導入 まで の おおよそ の 期間 を 教え て ください 。 ",2721
"データ 投入 は どの よう な 形式 に なり ます か ？ ",2722
"データ は どういう 形 で 投入 さ れる の でしょ う か ？ ",2722
"投入 さ れる データ 形式 を 教え て ください 。 ",2722
"データ 投入 を 代行 いただけ ませ ん か ？ ",2723
"データ を 、 代行 し て 投入 いただけ ませ ん か ？ ",2723
"代わり に データ を 投入 し て ください ます か ？ ",2723
"運営 会社 は きちんと し た ところ でしょ う か ？ ",2724
"運営 し て いる の は どういう 会社 でしょ う か ？ ",2724
"信頼 できる 会社 が 運営 さ れ て い ます か ？ ",2724
"株式会社 mofmof について 情報 を いただけ ます か ？ ",2724
"株式会社 mofmof と は 、 どういう 会社 でしょ う か ？ ",2724
"( 株 ) モフモフ について 教え て ください 。 ",2724
"ハナコ さん って 何 です か ？ ",2725
"ハナコ さん について 教え て ください 。 ",2725
"ハナコ さん が 一体 何 な の か 、 わから ない の です が 。 ",2725
"お 電話 で お尋ね し たい です 。 ",2726
"電話 で 問い合わせ て も いい でしょ う か ？ ",2726
"お 電話 で お 聞き し たい と 思い ます 。 ",2726
"会社 以外 で 使っ て も 大丈夫 です か ？ ",2727
"社外 向け に 使用 可能 でしょ う か ？ ",2727
"社外 で 使う こと は 可能 でしょ う か ？ ",2727
"導入 さ れ た 実績 について 情報 を いただけ ます か ？ ",2656
"これ まで 導入 さ れ た 実績 を お知らせ ください 。 ",2656
"導入 実績 について 知り たい の です が 。 ",2656
"これ は クラウドサービス という もの です か ？ ",2728
"こちら は クラ ウド サービス の 一種 に なり ます でしょ う か ？ ",2728
"これ は クラ ウド サービス の 範疇 に 入り ます か ？ ",2728
"一定 期間 、 試し て みる こと は でき ます か ？ ",2657
"どれ ぐらい の 期間 、 試用 さ せ て いただけ ます か ？ ",2657
"試用 期間 は とっ て いただける でしょ う か ？ ",2657
"初期 費用 、 月額 費用 以外 の 費用 は かかり ます か ？ ",2729
"初期 費用 、 月額 費用 の ほか に 、 支払う お金 は あり ます か ？ ",2729
"初期 費用 、 月額 費用 以外 の 必要 な 費用 を 教え て ください 。 ",2729
"導入 について 考え て み たい の です が 、 デモ を 見せ て いただけ ます か ？ ",2658
"導入 の 検討 を 前提 に 、 デモ を 見る こと は でき ます か ？ ",2658
"導入 の 検討 を いたし ます ので 、 デモ を 拝見 でき ない でしょ う か ？ ",2658
"お客様 用 として 使用 でき ます でしょ う か ？ ",2727
"顧客 に対して 使う こと が でき ます か ？ ",2727
"カスタマー に 使っ て もらう こと は 可能 でしょ う か ？ ",2727
"EC に 使う こと は 可能 です か ？ ",2718
"イーコマーズ で 使用 でき ます か ？ ",2718
"料金 体系 は どう なっ て い ます か ？ ",2719
"どの よう な 料金 システム です か ？ ",2719
"料金 は いくら かかり ます か ？ ",2719
"どの 程度 返答 できる の です か ？ ",2720
"質問 へ の 答え の レベル は どの くらい です か ？ ",2720
"導入 まで の 期間 は どの くらい です か ？ ",2721
"導入 は いつ に なり ます か ？ ",2721
"導入 まで どの くらい かかり ます か ？ ",2721
"データ 投入 の 形式 は どの よう な 感じ です か ？ ",2722
"データ 投入 の 形式 を 教え て ください 。 ",2722
"データ は どの よう に 入力 さ れ ます か ？ ",2722
"データ 投入 の 代行 は 可能 です か ？ ",2723
"データ 投入 を 代わり に し て もらえ ます か ？ ",2723
"データ を 代わり に 投入 可能 です か ？ ",2723
"運営 会社 は 信用 し て よい です か ？ ",2724
"運営 会社 は 信頼 でき ます か ？ ",2724
"運営 会社 の 信用 は あり ます ね ？ ",2724
"株式会社 mofmof と は どの よう な もの です か ？ ",2724
"株式会社 mofmof について 教え て ください 。 ",2724
"株式会社 mofmof の 詳細 が 知り たい です 。 ",2724
"ハナコ さん について ",2725
"電話 で 問合せ 可能 です か ？ ",2726
"電話 にて 問い合わせ たい です 。 ",2726
"電話 から 問い合わせ でき ます か ？ ",2726
"社外 用 として 使用 でき ます か ？ ",2727
"社外 向け に 使っ て 大丈夫 です か ？ ",2727
"導入 実績 を 知り たい です 。 ",2656
"これ まで の 導入 実績 を 聞か せ て ください 。 ",2656
"どの ぐらい の 導入 実績 が あり ます か ？ ",2656
"これ は クラ ウド サービス に なり ます か ？ ",2728
"クラウドサービス という こと です か ？ ",2728
"これ は クラ ウド を 使用 し て い ます か ？ ",2728
"試用 期間 は 設け られ て い ます か ？ ",2657
"お ためし 期間 は あり ます か ？ ",2657
"試用 期間 は どの ぐらい です か ？ ",2657
"初期 費用 、 月額 費用 以外 に かかる 費用 を 教え て ください 。 ",2729
"かかる 費用 として 初期 費用 、 月額 費用 以外 に あり ます か ？ ",2729
"費用 は 初期 費用 、 月額 費用 だけ です か ？ ",2729
"導入 を 検討 し たい の です が 、 デモ を 見せ て ください 。 ",2658
"デモ が あれ ば 、 検討 用 に 拝見 し たい です 。 ",2658
"導入 検討 用 に 、 どの よう な もの か 見せ て いただけ ます か ？ ",2658
"お客様 用 として 使え ます か ？ ",2727
"お客様 に 使う こと は 可能 です か ？ ",2727
"お客様 用 として 使用 し て 問題 ない です か ？ ",2727
"こんにちわ ー ",2717
"EC サイト の 質問 に 回答 し て もらう こと も でき ます か ？ ",2718
"EC サイト の 質問 に対して 回答 も し て もらえ ます か ？ ",2718
"EC サイト の 質問 に対し 回答 し て 頂く 事 も でき ます か ？ ",2718
"料金 体系 を 教え て 頂け ます か ？ ",2719
"料金 体系 を 教え て 下さい 。 ",2719
"料金 体系 は どう なっ て ます か ？ ",2719
"どの 様 な 質問 に 答え られる の です か ？ ",2720
"どんな 質問 に 答え られる の です か ？ ",2720
"どんな 質問 に 答え られる の でしょ う か ？ ",2720
"導入 に かかる 期間 は どれ くらい でしょ う か ？ ",2721
"どれ くらい 導入 の 期間 は かかり ます か ？ ",2721
"データ 投入 の 形式 は どの よう な もの です か ？ ",2722
"データ 投入 の 形式 は どの よう な もの でしょ う か ？ ",2722
"データ 投入 の 形式 は どう いっ た もの でしょ う か ？ ",2722
"データ 投入 代行 し て 頂け ませ ん か ？ ",2723
"データ 投入 代行 し て もらえ ませ ん か ？ ",2723
"データ 投入 代行 し て 頂け ない でしょ う か ？ ",2723
"運営 会社 は 信用 できる でしょ う か ？ ",2724
"運営 会社 の 信用 は あり ます か ？ ",2724
"運営 会社 の 信用 は いかが でしょ う ？ ",2724
"株式会社 mofmof について 教え て 頂け ます か ？ ",2724
"株式会社 mofmof について 教え て もらえ ませ ん か ？ ",2724
"株式会社 mofmof について お 聞き し たい の です が ",2724
"ハナコ 様 と は ",2725
"ハナコ 氏 と は ",2725
"ハナコ と は ",2725
"お 電話 にて お 問い合わせ し たい ",2726
"お 電話 で 問い合わせ たい ",2726
"電話 で お 問い合わせ し たい ",2726
"社外 向け に 使用 でき ます か ？ ",2727
"社外 向け に 使用 する 事 は でき ます か ？ ",2727
"社外 向け の 使用 は 可能 でしょ う か ？ ",2727
"導入 実績 を 教え て 頂け ます か ？ ",2656
"導入 実績 を 教え て 下さい 。 ",2656
"導入 実績 を お 聞き し て も よろしい です か ？ ",2656
"これ は クラ ウド サービス でしょ う か ？ ",2728
"こちら は クラウドサービス です か ？ ",2728
"こちら は クラ ウド サービス でしょ う か ？ ",2728
"試用 期間 は ござい ます か ？ ",2657
"試用 期間 は ある の でしょ う か ？ ",2657
"試用 期間 は あり ます でしょ う か ？ ",2657
"初期 費用 、 月額 費用 以外 に かかる 費用 は ござい ます か ？ ",2729
"かかる 費用 は 初期 費用 、 月額 費用 以外 に あり ます か ？ ",2729
"初期 費用 、 月額 費用 を 除い て 他 に かかる 費用 は あり ます か ？ ",2729
"導入 を 検討 し たい の です が 、 デモ を 見せ て 頂く こと は 可能 でしょ う か ？ ",2658
"導入 を 検討 し たい の です が 、 デモ を 見せ て 頂く こと は でき ます でしょ う か ？ ",2658
"導入 を 検討 し たい の です が 、 デモ を 見せ て 頂け ます か ？ ",2658
"お客様 用 に 使用 できる でしょ う か ？ ",2727
"お客様 用 に 使える でしょ う か ？ ",2727
"hello ",2717
"こん ",2717
"EC サイト について の 質問 教え て ！ ",2718
"EC サイト の 質問 に 答え て 下さい ",2718
"EC について kwsk ",2718
"どんな 質問 に 回答 でき ます か ？ ",2720
"どんな 質問 に 答え られ ます か ？ ",2720
"どんな 質問 が ok です か ？ ",2720
"料金 について 教え て 下さい ",2719
"料金 システム を 教え て 下さい ",2719
"料金 は いくら です か ？ ",2719
"データ 投入 形式 を 教え て 下さい ",2722
"データ 投入 形式 は どの よう な 感じ です か ？ ",2722
"データ の 投入 形式 の 方法 は ？ ",2722
"データ 投入 代行 でき ませ ん か ？ ",2723
"データ の 投入 代行 は でき ます か ？ ",2723
"データ 投入 代行 は ok です か ？ ",2723
"運営 会社 は 信用 できる ？ ",2724
"運営 会社 を 信用 し て ます か ？ ",2724
"運営 会社 は 信頼 に 値する ？ ",2724
"株式会社 mofmof と は ？ ",2724
"株式会社 mofmof は どんな 会社 ？ ",2724
"株式会社 mofmof を 知っ て ます か ？ ",2724
"はな こさ ん と は ",2725
"電話 で 問い合わせ たい です ",2726
"電話 問い合わせ し たい です ",2726
"問い合わせ し たい です ",2726
"社外 向け の 使用 を し たい です ",2727
"社外 向け 使用 は でき ます か ？ ",2727
"導入 実績 について 教え て 下さい ",2656
"導入 実績 は ？ ",2656
"導入 実績 を 教え て ",2656
"クラ ウド サービス ？ ",2728
"これ って クラ ウド サービス ？ ",2728
"試用 期間 は ある ？ ",2657
"試用 期間 は ？ ",2657
"試用 期間 は 有り ます か ？ ",2657
"初期 費用 月額 費用 以外 に 掛かる 費用 は ？ ",2729
"初期 費用 、 月額 費用 以外 は ？ ",2729
"初期 費用 、 月額 費用 以外 に かかり ます か ？ ",2729
"導入 を 考え てる ので 、 デモ を 見せ て 下さい ",2658
"導入 し たい の です が 、 デモ は あり ます か ？ ",2658
"導入 を 考え て いる の です が 、 デモ を 見せ て いただく こと は でき ます か ？ ",2658
"お客様 用 です か ？ ",2727
